Acronimo_t,Acronimo_t_1,Altura_t,Altura_t_1,Anio,Anio_t,Anio_t_1,Anios_contrato,At_bats_2_t,At_bats_2_t_1,At_bats_t,At_bats_t_1,Bateos_2_t,Bateos_2_t_1,Bateos_t,Bateos_t_1,Cantidad_agentes_libres_t,Cantidad_agentes_libres_t_1,Edad_t,Edad_t_1,Equipo_anterior,Equipo_t,Equipo_t_1,Home_runs_2_t,Home_runs_2_t_1,Home_runs_t,Home_runs_t_1,Juegos_2_t,Juegos_2_t_1,Juegos_t,Juegos_t_1,Juegos_totales_t,Juegos_totales_t_1,Jugador,OPS_2_t,OPS_2_t_1,OPS_t,OPS_t_1,Pennants_won_t,Pennants_won_t_1,Peso_t,Peso_t_1,Playoffs_t,Playoffs_t_1,Porcentaje_bateo_2_t,Porcentaje_bateo_2_t_1,Porcentaje_bateo_t,Porcentaje_bateo_t_1,Porcetnaje_juegos_2_t,Porcetnaje_juegos_2_t_1,Porcetnaje_juegos_t,Porcetnaje_juegos_t_1,Posicion_t,Posicion_t_1,Promedio_victorias_t,Promedio_victorias_t_1,RBI_2_t,RBI_2_t_1,RBI_t,RBI_t_1,Status,Sueldo_base_t,Sueldo_base_t_1,Sueldo_regular_t,Sueldo_regular_t_1,Sueldo_t,Sueldo_t_1,TVS_2_t,TVS_2_t_1,TVS_t,TVS_t_1,Valor_contrato,Valor_contrato_total_t,Valor_contrato_total_t_1,Valor_promedio_contrato,Victorias_t,Victorias_t_1,WAR_2_t,WAR_2_t_1,WAR_t,WAR_t_1,WS_ganadas_t,WS_ganadas_t_1,ln_Sueldo_base_t,ln_Sueldo_regular_t,ln_Sueldo_t
PIT,PHI,6.5,6.5,2015,5,4,1,1764,3600,42,60,25,64,5,8,4,7,38,37,PHI,Pittsburgh Pirates,Philadelphia Phillies,1,0,1,0,676,1156,26,34,161,162,A.J. Burnett,0.094249,0.11628100000000002,0.307,0.341,9,7,230,230,17,14,0.014160999999999998,0.017689000000000003,0.119,0.133,0.025921000000000003,0.04409999999999999,0.161,0.21,SP,SP,0.6024844720496895,0.4506172839506173,25,1,5,1,UFA,8500000,7500000,8500000,11250000,8500000,11250000,4590.0625,150.7984,67.75,12.28,8500000,50000000,59875000,8500000,97,73,7.952399999999999,0.028900000000000006,2.82,0.17,5,2,15.955576721460545,15.955576721460545,15.955576721460545
ATL,STL,6.3,6.3,2015,5,4,1,165649,114244,407,338,15129,7225,123,85,18,5,38,37,STL,Atlanta Braves,St. Louis Cardinals,81,25,9,5,12769,10404,113,102,160,161,A.J. Pierzynski,0.599076,0.390625,0.774,0.625,18,23,250,250,23,27,0.091204,0.063504,0.302,0.252,0.4872039999999999,0.39690000000000003,0.698,0.63,C,C,0.40625,0.5527950310559007,2401,1369,49,37,UFA,2000000,167539,2400000,167539,2400000,167539,2610.1881000000003,150.3076,51.09,12.26,2000000,69107500,59750000,2000000,65,89,2.1315999999999997,0.0576,1.46,-0.24,3,11,14.508657738524219,14.690979295318174,14.690979295318174
PHI,ATL,6.7,6.7,2015,5,4,1,2304,3721,48,61,64,25,8,5,8,5,37,36,ATL,Philadelphia Phillies,Atlanta Braves,0,0,0,0,841,1089,29,33,161,162,Aaron Harang,0.13764099999999999,0.032041,0.371,0.179,7,18,260,260,14,23,0.027889000000000004,0.006724000000000001,0.167,0.082,0.032041,0.04161599999999999,0.179,0.204,SP,SP,0.3850931677018633,0.4876543209876543,0,1,0,1,UFA,5000000,1000000,5000000,1000000,5000000,1000000,551.3104000000001,4716.942400000001,23.48,68.68,5000000,13800000,47350000,5000000,62,79,0.17639999999999997,4.4521,0.42,2.11,2,3,15.424948470398375,15.424948470398375,15.424948470398375
CHW,WSH,6.2,6.2,2015,5,4,2,184041,244036,429,494,8100,16384,90,128,13,8,35,34,WSH,Chicago White Sox,Washington Nationals,144,676,12,26,16129,19600,127,140,161,162,Adam LaRoche,0.407044,0.6674889999999999,0.638,0.817,6,1,205,205,9,3,0.04409999999999999,0.067081,0.21,0.259,0.6146560000000001,0.7464959999999999,0.784,0.864,DH,DH,0.4720496894409938,0.5925925925925926,2025,8464,45,92,UFA,12000000,12000000,12000000,12000000,12000000,12000000,56.8516,4773.4281,7.54,69.09,25000000,137000000,14150000,12500000,76,96,0.6561000000000001,5.107599999999999,-0.81,2.26,3,0,16.300417207752275,16.300417207752275,16.300417207752275
LAA,LAA,6.3,6.3,2012,5,4,10,362404,400689,602,633,21609,29584,147,172,6,8,35,34,STL,Los Angeles Angels,Los Angeles Angels,1600,784,40,28,24649,25281,157,159,161,161,Albert Pujols,0.6193690000000001,0.6241000000000001,0.787,0.79,1,1,235,235,10,10,0.059536,0.07398400000000001,0.244,0.272,0.9389609999999999,0.964324,0.969,0.982,DH,DH,0.5279503105590062,0.6086956521739131,9025,11025,95,105,UFA,24000000,23000000,24050000,23000000,24050000,23000000,1253.1599999999999,1792.6756000000003,35.4,42.34,240000000,1507500,22100000,24000000,85,98,9.1204,15.920100000000001,3.02,3.99,1,1,16.99356438831222,16.995645554516045,16.995645554516045
LAD,OAK,5.9,5.9,2015,5,4,1,52900,163216,230,404,2916,8100,54,90,8,5,32,31,OAK,Los Angeles Dodgers,Oakland Athletics,1,16,1,4,9409,16129,97,127,161,162,Alberto Callaspo,0.352836,0.3364,0.594,0.58,25,15,180,180,29,26,0.055224999999999996,0.049729,0.235,0.223,0.358801,0.6146560000000001,0.599,0.784,3B,3B,0.5652173913043478,0.5432098765432098,225,1521,15,39,UFA,2147540,4875000,2147540,4875000,2147540,4875000,0.0,22.6576,0.0,4.76,3000000,61257500,32800000,3000000,91,88,0.31360000000000005,1.0,-0.56,-1.0,6,9,14.579833558976743,14.579833558976743,14.579833558976743
KC,TEX,6.5,6.5,2015,5,4,1,148225,242064,385,492,9604,19044,98,138,10,7,34,33,TEX,Kansas City Royals,Texas Rangers,16,16,4,4,11025,17161,105,131,161,162,Alex Rios,0.4096,0.5026809999999999,0.64,0.709,4,2,210,210,9,6,0.065025,0.07896100000000002,0.255,0.281,0.419904,0.6544810000000001,0.648,0.809,RF,RF,0.5838509316770186,0.4135802469135802,1024,2916,32,54,UFA,9500000,13000000,9500000,13500000,9500000,13500000,64.1601,531.3025,8.01,23.05,11000000,69025000,136050000,11000000,94,67,1.2768999999999997,0.09,-1.13,0.3,2,0,16.06680235657077,16.06680235657077,16.06680235657077
SF,SF,6.2,6.2,2013,5,4,4,262144,146689,512,383,17956,13225,134,115,9,7,33,32,SF,San Francisco Giants,San Francisco Giants,9,9,3,3,17689,9216,133,96,161,161,Angel Pagan,0.403225,0.534361,0.635,0.731,23,23,202,202,25,25,0.06864400000000001,0.09,0.262,0.3,0.6740409999999999,0.351649,0.821,0.593,LF,LF,0.5217391304347826,0.5403726708074534,1369,729,37,27,UFA,9000000,9000000,10250000,10250000,10250000,10250000,47.0596,0.0,6.86,0.0,40000000,44000000,25850000,10000000,84,87,4.0804,2.1609,-2.02,1.47,8,8,16.012735135300492,16.14278826354869,16.14278826354869
DET,DET,6.0,6.0,2013,5,4,5,16,25,4,5,0,1,0,1,4,5,31,30,DET,Detroit Tigers,Detroit Tigers,0,0,0,0,625,484,25,22,160,162,Anibal Sanchez,0.0,0.36,0.0,0.6,11,11,205,205,16,16,0.0,0.04000000000000001,0.0,0.2,0.024025,0.018496000000000002,0.155,0.136,RP,RP,0.45625,0.5555555555555556,0,1,0,1,UFA,16000000,15000000,16800000,15800000,16800000,15800000,155.7504,3382.5855999999994,12.48,58.16,80000000,2000000,33500000,16000000,73,90,0.0256,5.1983999999999995,0.16,2.28,4,4,16.588099280204055,16.636889444373487,16.636889444373487
TB,WSH,6.0,6.0,2015,5,4,1,255025,305809,505,553,17956,17689,134,133,7,8,29,28,WSH,Tampa Bay Rays,Washington Nationals,225,196,15,14,20449,21316,143,146,161,162,Asdrubal Cabrera,0.553536,0.48163599999999995,0.744,0.694,1,1,235,235,4,3,0.07022500000000001,0.058080999999999994,0.265,0.241,0.779689,0.811801,0.883,0.901,2B,2B,0.4906832298136646,0.5925925925925926,3364,3721,58,61,UFA,7500000,10000000,7500000,10000000,7500000,10000000,1925.4544000000003,1182.6721,43.88,34.39,7500000,9000000,14150000,7500000,79,96,2.6895999999999995,1.6384,1.64,1.28,0,0,15.830413578506539,15.830413578506539,15.830413578506539
OAK,KC,6.0,6.0,2015,5,4,3,289444,301401,538,549,18225,22201,135,149,1,4,29,28,KC,Oakland Athletics,Kansas City Royals,225,81,15,9,22801,22801,151,151,161,162,Billy Butler,0.508369,0.49280399999999996,0.713,0.702,15,3,260,260,26,8,0.063001,0.073441,0.251,0.271,0.8686240000000001,0.8686240000000001,0.932,0.932,DH,DH,0.422360248447205,0.5493827160493827,4225,4356,65,66,UFA,5000000,8000000,6666666,8500000,6666666,8500000,380.25,303.8049,19.5,17.43,30000000,30000000,66500000,10000000,68,89,0.30250000000000005,0.019600000000000003,-0.55,-0.14,9,1,15.424948470398375,15.71263044285015,15.71263044285015
TEX,ARI,6.0,6.0,2015,5,4,1,17424,16,132,4,625,1,25,1,14,8,32,31,ARI,Texas Rangers,Arizona Diamondbacks,1,0,1,0,3136,4,56,2,161,161,Bobby Wilson,0.255025,0.25,0.505,0.5,2,1,230,230,7,5,0.035721,0.0625,0.189,0.25,0.11971599999999999,0.000144,0.346,0.012,C,C,0.5403726708074534,0.3975155279503105,196,0,14,0,UFA,700000,500000,248633,38251,700000,500000,0.0,0.0,0.0,0.0,700000,13800000,42450000,700000,87,64,0.0841,0.0004,-0.29,-0.02,0,1,13.458835614025542,12.423733192611959,13.458835614025542
LAD,NYY,6.7,6.7,2015,5,4,4,36,841,6,29,0,16,0,4,8,9,31,30,NYY,Los Angeles Dodgers,New York Yankees,0,0,0,0,16,1024,4,32,161,162,Brandon McCarthy,0.020448999999999995,0.07617600000000001,0.143,0.276,25,40,225,225,29,50,0.0,0.019044000000000002,0.0,0.138,0.0006250000000000001,0.039204,0.025,0.198,SP,SP,0.5652173913043478,0.5185185185185185,1,9,1,3,UFA,11000000,9000000,12500000,4180327,12500000,10250000,0.0,631.0144,0.0,25.12,48000000,61257500,311500000,12000000,91,84,0.1024,0.4760999999999999,-0.32,-0.69,6,27,16.213405830762646,16.34123920227253,16.34123920227253
SD,TOR,6.3,6.3,2015,5,4,1,81,4,9,2,0,0,0,0,8,2,30,29,TOR,San Diego Padres,Toronto Blue Jays,0,0,0,0,25,169,5,13,161,162,Brandon Morrow,0.010000000000000002,0.0,0.1,0.0,2,2,205,205,5,5,0.0,0.0,0.0,0.0,0.0009609999999999999,0.0064,0.031,0.08,RP,RP,0.4596273291925465,0.5123456790123457,0,0,0,0,UFA,2500000,8000000,2500000,8000000,2500000,8000000,0.0,0.0,0.0,0.0,2500000,80850000,8000000,2500000,74,83,1.1025,0.06760000000000001,1.05,-0.26,0,2,14.73180128983843,14.73180128983843,14.73180128983843
CIN,CIN,5.9,5.9,2014,5,4,2,110889,121104,333,348,8281,7744,91,88,3,6,33,32,DET,Cincinnati Reds,Cincinnati Reds,0,25,0,5,11664,13225,108,115,161,162,Brayan Pena,0.43428100000000003,0.41602500000000003,0.659,0.645,10,10,242,242,15,15,0.07452900000000001,0.064009,0.273,0.253,0.44488900000000003,0.5041,0.667,0.71,C,C,0.3975155279503105,0.4691358024691358,324,676,18,26,UFA,1400000,875000,1400000,875000,1400000,875000,319.6944,108.16000000000001,17.88,10.4,2275000,4000000,15125000,1137500,64,76,0.16809999999999997,0.1369,0.41,-0.37,5,5,14.151982794585487,14.151982794585487,14.151982794585487
LAD,COL,6.4,6.4,2015,5,4,1,2209,196,47,14,16,4,4,2,8,6,27,26,COL,Los Angeles Dodgers,Colorado Rockies,0,0,0,0,961,64,31,8,161,161,Brett Anderson,0.07784100000000002,0.18404099999999998,0.279,0.429,25,1,230,230,29,3,0.007225000000000001,0.020448999999999995,0.085,0.143,0.036481,0.0024010000000000004,0.191,0.049,SP,SP,0.5652173913043478,0.4099378881987577,9,1,3,1,UFA,10000000,8000000,12400000,6000000,12400000,8000000,2352.25,0.0,48.5,0.0,10000000,61257500,31250000,10000000,91,66,2.5281000000000002,1.0201,1.59,1.01,6,0,16.11809565095832,16.333207030575267,16.333207030575267
NYY,NYY,6.3,6.3,2014,5,4,5,216225,245025,465,495,11664,13225,108,115,7,9,31,30,ATL,New York Yankees,New York Yankees,676,529,26,23,18225,19600,135,140,161,162,Brian McCann,0.571536,0.47886399999999996,0.756,0.692,40,40,225,225,51,50,0.053824000000000004,0.053824000000000004,0.232,0.232,0.693889,0.7464959999999999,0.833,0.864,C,C,0.5403726708074534,0.5185185185185185,8836,5625,94,75,UFA,17000000,17000000,17000000,17000000,17000000,17000000,1701.5625,211.12089999999998,41.25,14.53,85000000,101500000,311500000,17000000,87,84,6.760000000000001,3.2041,2.6,1.79,27,27,16.64872390202049,16.64872390202049,16.64872390202049
LAA,LAA,6.1,6.1,2012,5,4,5,36,4,6,2,4,0,2,0,6,8,34,33,TEX,Los Angeles Angels,Los Angeles Angels,0,0,0,0,441,1024,21,32,161,161,C.J. Wilson,0.44488900000000003,0.11088900000000002,0.667,0.333,1,1,210,210,10,10,0.11088900000000002,0.0,0.333,0.0,0.016900000000000002,0.039204,0.13,0.198,SP,SP,0.5279503105590062,0.6086956521739131,0,0,0,0,UFA,18000000,16000000,18500000,16500000,18500000,16500000,1389.0529000000001,25.200399999999995,37.27,5.02,77500000,1507500,22100000,15500000,85,98,1.7956000000000003,0.0529,1.34,-0.23,1,1,16.70588231586044,16.733281290048552,16.733281290048552
NYY,NYY,6.1,6.1,2014,5,4,3,228484,162409,478,403,17424,8836,132,94,7,9,38,37,STL,New York Yankees,New York Yankees,361,225,19,15,17689,11881,133,109,161,162,Carlos Beltran,0.6528640000000001,0.49420899999999995,0.808,0.703,40,40,213,213,51,50,0.07617600000000001,0.054289000000000004,0.276,0.233,0.6740409999999999,0.4529290000000001,0.821,0.673,DH,DH,0.5403726708074534,0.5185185185185185,4489,2401,67,49,UFA,15000000,15000000,15000000,15000000,15000000,15000000,1169.64,182.79039999999998,34.2,13.52,45000000,101500000,311500000,15000000,87,84,1.1025,0.0529,1.05,-0.23,27,27,16.523560759066484,16.523560759066484,16.523560759066484
STL,CHC,6.2,6.2,2015,5,4,1,64,100,8,10,0,0,0,0,3,13,31,30,CHC,St. Louis Cardinals,Chicago Cubs,0,0,0,0,1225,1764,35,42,160,162,Carlos Villanueva,0.0,0.0,0.0,0.0,23,17,215,215,28,16,0.0,0.0,0.0,0.0,0.046655999999999996,0.067081,0.216,0.259,RP,RP,0.625,0.4506172839506173,0,0,0,0,UFA,2000000,5000000,2000000,5000000,2000000,5000000,0.0,0.0,0.0,0.0,2000000,7500000,9650000,2000000,100,73,0.7921,0.0009,0.89,-0.03,11,2,14.508657738524219,14.508657738524219,14.508657738524219
MIA,MIA,6.1,6.1,2015,5,4,0,56169,379456,237,616,2209,31329,47,177,8,10,32,31,SF,Miami Marlins,Miami Marlins,4,16,2,4,11881,25600,109,160,161,162,Casey McGehee,0.28944400000000003,0.506944,0.538,0.712,2,2,220,220,2,2,0.039204,0.08236899999999998,0.198,0.287,0.4529290000000001,0.976144,0.673,0.988,3B,3B,0.4409937888198758,0.4753086419753086,400,5776,20,76,UFA,507500,1100000,507500,1100000,507500,1100000,21.902399999999997,2435.4225,4.68,49.35,0,20250000,39486387,0,71,77,0.36,1.8225000000000002,-0.6,1.35,2,2,13.137251989898079,13.137251989898079,13.137251989898079
NYY,NYY,6.2,6.2,2015,5,4,4,336400,220900,580,470,22500,12996,150,114,7,9,31,30,NYY,New York Yankees,New York Yankees,121,169,11,13,24336,18225,156,135,161,162,Chase Headley,0.4802489999999999,0.48999999999999994,0.693,0.7,40,40,215,215,51,50,0.067081,0.059049,0.259,0.243,0.9273689999999999,0.693889,0.963,0.833,3B,3B,0.5403726708074534,0.5185185185185185,3844,2401,62,49,UFA,13000000,10525000,14000000,2968442,14000000,10525000,351.5625,1017.6099999999999,18.75,31.9,52000000,101500000,311500000,13000000,87,84,0.7569,4.4521,0.87,2.11,27,27,16.38045991542581,16.454567887579532,16.454567887579532
CHC,SEA,6.0,6.0,2015,5,4,1,44944,108900,212,330,3249,5776,57,76,13,8,34,33,SEA,Chicago Cubs,Seattle Mariners,9,9,3,3,10609,14641,103,121,161,161,Chris Denorfia,0.47748099999999993,0.36240399999999995,0.691,0.602,17,0,185,185,17,4,0.07236100000000001,0.0529,0.269,0.23,0.404496,0.558009,0.636,0.747,RF,RF,0.5962732919254659,0.5341614906832298,324,441,18,21,UFA,2600000,2250000,2600000,737704,2600000,2250000,113.20960000000001,110.88089999999998,10.64,10.53,2600000,190950000,267800000,2600000,96,86,0.0225,0.0484,-0.15,0.22,2,0,14.77102200299171,14.77102200299171,14.77102200299171
KC,NYY,6.2,6.2,2015,5,4,1,101124,105625,318,325,6400,5184,80,72,10,9,31,30,SEA,Kansas City Royals,New York Yankees,196,121,14,11,19600,12321,140,111,161,162,Chris Young,0.597529,0.5041,0.773,0.71,4,40,200,200,9,50,0.063504,0.049284,0.252,0.222,0.7464959999999999,0.46922500000000006,0.864,0.685,RF,RF,0.5838509316770186,0.5185185185185185,1764,1444,42,38,UFA,675000,500000,675000,73770,675000,500000,1557.0916,2647.1025000000004,39.46,51.45,675000,69025000,311500000,675000,94,84,0.9025,0.0081,0.95,0.09,2,27,13.422467969854667,13.422467969854667,13.422467969854667
NYY,SEA,6.2,6.2,2015,5,4,1,101124,105625,318,325,6400,5184,80,72,7,8,31,30,SEA,New York Yankees,Seattle Mariners,196,121,14,11,19600,12321,140,111,161,161,Chris Young,0.597529,0.5041,0.773,0.71,40,0,200,200,51,4,0.063504,0.049284,0.252,0.222,0.7464959999999999,0.46922500000000006,0.864,0.685,RF,RF,0.5403726708074534,0.5341614906832298,1764,1444,42,38,UFA,2500000,1500000,2500000,4725000,2500000,4725000,1557.0916,2647.1025000000004,39.46,51.45,675000,101500000,267800000,675000,87,86,0.9025,0.0081,0.95,0.09,27,0,14.73180128983843,14.73180128983843,14.73180128983843
NYY,NYY,6.2,6.2,2015,5,4,1,101124,105625,318,325,6400,5184,80,72,7,9,31,30,SEA,New York Yankees,New York Yankees,196,121,14,11,19600,12321,140,111,161,162,Chris Young,0.597529,0.5041,0.773,0.71,40,40,200,200,51,50,0.063504,0.049284,0.252,0.222,0.7464959999999999,0.46922500000000006,0.864,0.685,RF,RF,0.5403726708074534,0.5185185185185185,1764,1444,42,38,UFA,2500000,500000,2500000,73770,2500000,500000,1557.0916,2647.1025000000004,39.46,51.45,675000,101500000,311500000,675000,87,84,0.9025,0.0081,0.95,0.09,27,27,14.73180128983843,14.73180128983843,14.73180128983843
KC,SEA,6.2,6.2,2015,5,4,1,101124,105625,318,325,6400,5184,80,72,10,8,31,30,SEA,Kansas City Royals,Seattle Mariners,196,121,14,11,19600,12321,140,111,161,161,Chris Young,0.597529,0.5041,0.773,0.71,4,0,200,200,9,4,0.063504,0.049284,0.252,0.222,0.7464959999999999,0.46922500000000006,0.864,0.685,RF,RF,0.5838509316770186,0.5341614906832298,1764,1444,42,38,UFA,675000,1500000,675000,4725000,675000,4725000,1557.0916,2647.1025000000004,39.46,51.45,675000,69025000,267800000,675000,94,86,0.9025,0.0081,0.95,0.09,2,0,13.422467969854667,13.422467969854667,13.422467969854667
SD,PIT,6.1,6.1,2015,5,4,1,42849,10404,207,102,2304,625,48,25,8,1,36,35,PIT,San Diego Padres,Pittsburgh Pirates,9,0,3,0,9604,2304,98,48,161,162,Clint Barmes,0.400689,0.386884,0.633,0.622,2,9,190,190,5,16,0.053824000000000004,0.060024999999999995,0.232,0.245,0.366025,0.08761599999999999,0.605,0.296,SS,SS,0.4596273291925465,0.5432098765432098,256,49,16,7,UFA,1300000,2000000,1300000,2000000,1300000,2000000,104.24410000000002,0.0,10.21,0.0,1500000,80850000,5000000,1500000,74,88,0.0081,0.48999999999999994,0.09,0.7,0,5,14.077874822431765,14.077874822431765,14.077874822431765
TEX,TEX,6.4,6.4,2015,5,4,1,4,25,2,5,0,4,0,2,14,7,35,34,TEX,Texas Rangers,Texas Rangers,0,0,0,0,1089,841,33,29,161,162,Colby Lewis,0.0,0.6400000000000001,0.0,0.8,2,2,238,238,7,6,0.0,0.16000000000000003,0.0,0.4,0.04161599999999999,0.032041,0.204,0.179,SP,SP,0.5403726708074534,0.4135802469135802,0,1,0,1,UFA,4000000,2000000,4000000,2000000,4000000,2000000,2472.0784,260.1769,49.72,16.13,4000000,13800000,136050000,4000000,87,67,0.7395999999999999,0.16809999999999997,0.86,-0.41,0,0,15.201804919084164,15.201804919084164,15.201804919084164
HOU,TOR,6.2,6.2,2015,5,4,1,186624,119716,432,346,10609,6084,103,78,7,2,28,27,TOR,Houston Astros,Toronto Blue Jays,625,324,25,18,18769,10816,137,104,161,162,Colby Rasmus,0.6225210000000001,0.540225,0.789,0.735,1,2,195,195,10,5,0.05664399999999999,0.050625,0.238,0.225,0.7157159999999999,0.41216400000000003,0.846,0.642,LF,LF,0.5341614906832298,0.5123456790123457,3721,1600,61,40,UFA,8000000,7000000,8000000,7000000,8000000,7000000,3486.9024999999997,1448.5636000000002,59.05,38.06,8000000,65600000,8000000,8000000,86,83,7.7841000000000005,1.2544000000000002,2.79,1.12,0,2,15.89495209964411,15.89495209964411,15.89495209964411
PIT,SEA,6.6,6.6,2015,5,4,1,2916,53824,54,232,144,2209,12,47,4,8,33,32,SEA,Pittsburgh Pirates,Seattle Mariners,4,36,2,6,1225,4624,35,68,161,161,Corey Hart,0.356409,0.34809999999999997,0.597,0.59,9,0,240,240,17,4,0.049284,0.041209,0.222,0.203,0.046655999999999996,0.17639999999999997,0.216,0.42,RF,RF,0.6024844720496895,0.5341614906832298,81,441,9,21,UFA,2500000,6000000,2500000,6000000,2500000,6000000,0.0,0.0,0.0,0.0,2500000,50000000,267800000,2500000,97,86,0.27040000000000003,0.22089999999999999,-0.52,-0.47,5,0,14.73180128983843,14.73180128983843,14.73180128983843
NYM,NYM,6.1,6.1,2014,5,4,4,336400,318096,580,564,22500,16384,150,128,1,10,34,33,NYY,New York Mets,New York Mets,676,400,26,20,24649,24025,157,155,161,162,Curtis Granderson,0.6740409999999999,0.5097959999999999,0.821,0.714,5,5,200,200,9,8,0.067081,0.051529000000000005,0.259,0.227,0.9389609999999999,0.9158489999999999,0.969,0.957,RF,RF,0.5527950310559007,0.4876543209876543,4900,4356,70,66,UFA,16000000,13000000,16000000,13000000,16000000,13000000,6211.016100000001,741.4729,78.81,27.23,60000000,1450000,93775000,15000000,89,79,24.800400000000003,1.4161,4.98,1.19,2,2,16.588099280204055,16.588099280204055,16.588099280204055
CHC,BOS,6.2,6.2,2015,5,4,2,25281,23104,159,152,784,784,28,28,13,9,38,37,BOS,Chicago Cubs,Boston Red Sox,4,49,2,7,5184,2500,72,50,161,162,David Ross,0.28836900000000004,0.395641,0.537,0.629,17,13,230,230,17,21,0.030975999999999997,0.033856,0.176,0.184,0.197136,0.095481,0.444,0.309,C,C,0.5962732919254659,0.4382716049382716,81,225,9,15,UFA,2250000,3100000,2500000,3100000,2500000,3100000,0.0,0.0,0.0,0.0,5000000,190950000,56433443,2500000,96,71,0.004900000000000001,0.1024,-0.07,-0.32,2,8,14.626440774180603,14.73180128983843,14.73180128983843
TOR,TOR,5.9,5.9,2014,5,4,2,29241,231361,171,481,1764,17424,42,132,11,2,31,30,CHC,Toronto Blue Jays,Toronto Blue Jays,25,144,5,12,2916,19321,54,139,161,162,Dioner Navarro,0.4651240000000001,0.506944,0.682,0.712,2,2,215,215,6,5,0.060516,0.07507600000000002,0.246,0.274,0.11088900000000002,0.7361639999999999,0.333,0.858,C,C,0.577639751552795,0.5123456790123457,400,4761,20,69,UFA,5000000,3000000,5000000,3000000,5000000,3000000,0.0,1889.6408999999999,0.0,43.47,8000000,86600000,8000000,4000000,93,83,0.42250000000000004,6.604899999999999,0.65,2.57,2,2,15.424948470398375,15.424948470398375,15.424948470398375
MIA,DET,6.4,6.4,2015,5,4,1,1,26569,1,163,0,1600,0,40,8,5,35,34,DET,Miami Marlins,Detroit Tigers,0,0,0,0,4,9025,2,95,161,162,Don Kelly,0.0,0.3844,0.0,0.62,2,11,217,217,2,16,0.0,0.060024999999999995,0.0,0.245,0.000144,0.343396,0.012,0.586,CF,CF,0.4409937888198758,0.5555555555555556,0,49,0,7,UFA,1250000,1000000,1250000,1000000,1250000,1000000,0.0,0.0,0.0,0.0,1250000,20250000,33500000,1250000,71,90,0.0009,0.0841,-0.03,-0.29,2,4,14.038654109278484,14.038654109278484,14.038654109278484
KC,PIT,0.0,0.0,2015,5,4,2,36,2809,6,53,0,4,0,2,10,1,31,30,PIT,Kansas City Royals,Pittsburgh Pirates,0,0,0,0,1225,1024,35,32,161,162,Edinson Volquez,0.0,0.016129,0.0,0.127,4,9,220,220,9,16,0.0,0.001444,0.0,0.038,0.046655999999999996,0.039204,0.216,0.198,SP,SP,0.5838509316770186,0.5432098765432098,0,4,0,2,UFA,7500000,5000000,7500000,5000000,7500000,5000000,3259.2681000000002,3694.2084,57.09,60.78,20000000,69025000,5000000,10000000,94,88,6.6564000000000005,6.708099999999999,2.58,2.59,2,5,15.830413578506539,15.830413578506539,15.830413578506539
ATL,CHC,0.0,0.0,2013,5,4,4,1,1600,1,40,0,49,0,7,18,13,31,30,WSH,Atlanta Braves,Chicago Cubs,0,0,0,0,2209,841,47,29,160,162,Edwin Jackson,0.0,0.16000000000000003,0.0,0.4,18,17,210,210,23,16,0.0,0.030624999999999996,0.0,0.175,0.0841,0.032041,0.29,0.179,SP,SP,0.40625,0.4506172839506173,0,0,0,0,UFA,507500,11000000,141434,13000000,507500,13000000,1200.6225,0.27040000000000003,34.65,0.52,52000000,69107500,9650000,13000000,65,73,0.0256,5.0625,0.16,-2.25,3,2,13.137251989898079,11.859588456157203,13.137251989898079
PIT,PIT,6.3,6.3,2015,5,4,3,4225,2025,65,45,121,25,11,5,4,1,31,30,PIT,Pittsburgh Pirates,Pittsburgh Pirates,1,0,1,0,961,841,31,29,161,162,Francisco Liriano,0.172225,0.06760000000000001,0.415,0.26,9,9,218,218,17,16,0.028561000000000003,0.012321,0.169,0.111,0.036481,0.032041,0.191,0.179,RP,RP,0.6024844720496895,0.5432098765432098,49,0,7,0,UFA,11000000,6000000,11666666,6000000,11666666,6000000,4863.667599999999,1264.5136000000002,69.74,35.56,39000000,50000000,5000000,13000000,97,88,7.896100000000001,2.4964000000000004,2.81,1.58,5,5,16.213405830762646,16.27224627364272,16.27224627364272
CHW,OAK,6.1,6.1,2015,5,4,1,34225,6400,185,80,1681,400,41,20,13,5,32,31,OAK,Chicago White Sox,Oakland Athletics,81,1,9,1,5929,576,77,24,161,162,Geovany Soto,0.5112249999999999,0.44222500000000003,0.715,0.665,6,15,220,220,9,26,0.049284,0.0625,0.222,0.25,0.225625,0.021903999999999996,0.475,0.148,C,C,0.4720496894409938,0.5432098765432098,441,121,21,11,UFA,1500000,3050000,1500000,600000,1500000,3050000,0.0,0.0,0.0,0.0,1500000,137000000,32800000,1500000,76,88,0.9216,0.2916,0.96,0.54,3,9,14.22097566607244,14.22097566607244,14.22097566607244
CHW,LAA,0.0,0.0,2015,5,4,1,44100,198916,210,446,1936,10201,44,101,13,8,28,27,LAA,Chicago White Sox,Los Angeles Angels,36,81,6,9,10000,16129,100,127,161,161,Gordon Beckham,0.361201,0.381924,0.601,0.618,6,1,190,190,9,10,0.04409999999999999,0.051529000000000005,0.21,0.227,0.380689,0.6146560000000001,0.617,0.784,2B,2B,0.4720496894409938,0.6086956521739131,400,1936,20,44,UFA,2000000,889754,2000000,889754,2000000,889754,115.1329,300.3288999999999,10.73,17.33,2000000,137000000,22100000,2000000,76,98,0.3721,0.4489000000000001,0.61,0.67,3,1,14.508657738524219,14.508657738524219,14.508657738524219
BOS,LAD,6.2,6.2,2015,5,4,4,160801,201601,401,449,10000,16129,100,127,8,11,31,30,LAD,Boston Red Sox,Los Angeles Dodgers,361,169,19,13,11025,16384,105,128,161,161,Hanley Ramirez,0.5140889999999999,0.6674889999999999,0.717,0.817,13,25,235,235,21,28,0.062001,0.08008899999999998,0.249,0.283,0.419904,0.6241000000000001,0.648,0.79,DH,DH,0.484472049689441,0.577639751552795,2809,5041,53,71,UFA,19000000,16000000,19750000,16000000,19750000,16000000,53.58240000000001,5788.1664,7.32,76.08,88000000,186500000,61150000,22000000,78,93,1.6641000000000001,12.8164,-1.29,3.58,8,6,16.759949537130716,16.798664049311405,16.798664049311405
MIA,NYY,6.0,6.0,2015,5,4,1,158404,128881,398,359,8281,10404,91,102,8,9,41,40,NYY,Miami Marlins,New York Yankees,1,1,1,1,23409,20449,153,143,161,162,Ichiro Suzuki,0.3147210000000001,0.44089600000000007,0.561,0.664,2,40,175,175,2,50,0.052441,0.08065599999999999,0.229,0.284,0.8911359999999999,0.779689,0.944,0.883,RF,RF,0.4409937888198758,0.5185185185185185,441,484,21,22,UFA,2000000,6500000,3200000,6500000,3200000,6500000,36.4816,138.0625,6.04,11.75,2000000,20250000,311500000,2000000,71,84,1.2100000000000002,0.8649000000000001,-1.1,0.93,2,27,14.508657738524219,14.978661367769956,14.978661367769956
TB,TEX,6.0,6.0,2015,5,4,1,5041,41209,71,203,484,1296,22,36,7,7,29,28,TEX,Tampa Bay Rays,Texas Rangers,36,100,6,10,576,3969,24,63,161,162,J.P. Arencibia,0.848241,0.369664,0.921,0.608,1,2,203,203,4,6,0.0961,0.031328999999999996,0.31,0.177,0.021903999999999996,0.151321,0.148,0.389,1B,1B,0.4906832298136646,0.4135802469135802,289,1225,17,35,UFA,507500,1800000,108155,1800000,507500,1800000,0.0,0.0,0.0,0.0,0,9000000,136050000,0,79,67,0.5476,1.4884,0.74,-1.22,0,0,13.137251989898079,11.591320662397601,13.137251989898079
NYY,NYY,6.1,6.1,2014,5,4,7,204304,330625,452,575,13456,24336,116,156,7,9,31,30,BOS,New York Yankees,New York Yankees,49,256,7,16,12321,22201,111,149,161,162,Jacoby Ellsbury,0.44222500000000003,0.558009,0.665,0.747,40,40,195,195,51,50,0.066049,0.073441,0.257,0.271,0.46922500000000006,0.8464,0.685,0.92,CF,CF,0.5403726708074534,0.5185185185185185,1089,4900,33,70,UFA,21142857,21142857,21142857,21142857,21142857,21142857,261.7924,2152.0321,16.18,46.39,153000000,101500000,311500000,21857143,87,84,3.3124000000000002,12.6025,1.82,3.55,27,27,16.866812675916318,16.866812675916318,16.866812675916318
SF,SF,6.1,6.1,2015,5,4,2,1296,529,36,23,49,0,7,0,9,7,34,33,SF,San Francisco Giants,San Francisco Giants,1,0,1,0,361,1024,19,32,161,161,Jake Peavy,0.30250000000000005,0.0,0.55,0.0,23,23,180,180,25,25,0.037636,0.0,0.194,0.0,0.013689000000000002,0.039204,0.117,0.198,RP,RP,0.5217391304347826,0.5403726708074534,9,0,3,0,UFA,7000000,14500000,9000000,2575136,9000000,14500000,0.0,0.0,0.0,0.0,24000000,44000000,25850000,12000000,84,87,2.6569,3.9601,1.63,1.99,8,8,15.761420707019587,16.012735135300492,16.012735135300492
TB,TB,6.3,6.3,2014,5,4,3,130321,360000,361,600,10201,30276,101,174,7,5,31,30,TB,Tampa Bay Rays,Tampa Bay Rays,16,81,4,9,10816,24025,104,155,161,162,James Loney,0.4624000000000001,0.512656,0.68,0.716,1,1,235,235,4,4,0.07840000000000001,0.0841,0.28,0.29,0.41216400000000003,0.9158489999999999,0.642,0.957,1B,1B,0.4906832298136646,0.4753086419753086,1024,4761,32,69,UFA,7000000,1000000,8666666,2666666,8666666,2666666,139.4761,1133.6689000000001,11.81,33.67,21000000,9000000,28150000,7000000,79,77,0.27040000000000003,2.3104,-0.52,1.52,0,0,15.761420707019587,15.974994730394567,15.974994730394567
SD,KC,6.3,6.3,2015,5,4,4,4624,49,68,7,81,4,9,2,8,4,33,32,KC,San Diego Padres,Kansas City Royals,0,0,0,0,1296,1156,36,34,161,162,James Shields,0.094249,0.5097959999999999,0.307,0.714,2,3,215,215,5,8,0.017424000000000002,0.08179599999999998,0.132,0.286,0.049284,0.04409999999999999,0.222,0.21,SP,SP,0.4596273291925465,0.5493827160493827,4,1,2,1,UFA,10000000,13500000,10000000,13500000,10000000,13500000,431.3929,6696.1489,20.77,81.83,75000000,80850000,66500000,18750000,74,89,4.7089,12.0409,2.17,3.47,0,1,16.11809565095832,16.11809565095832,16.11809565095832
ARI,MIA,6.4,6.4,2014,5,4,3,40000,139129,200,373,2025,6724,45,82,6,10,30,29,BOS,Arizona Diamondbacks,Miami Marlins,81,121,9,11,6241,12996,79,114,161,162,Jarrod Saltalamacchia,0.555025,0.4637610000000001,0.745,0.681,1,2,235,235,5,2,0.050625,0.0484,0.225,0.22,0.238144,0.49561599999999995,0.488,0.704,C,C,0.484472049689441,0.4753086419753086,576,1936,24,44,UFA,507500,6000000,415983,6000000,507500,6000000,0.0,578.8835999999999,0.0,24.06,21000000,2407500,39486387,7000000,78,77,0.6084,0.2304,0.78,0.48,1,2,13.137251989898079,12.938399673023772,13.137251989898079
CHC,OAK,6.6,6.6,2015,5,4,2,4225,1369,65,37,121,25,11,5,13,5,32,31,OAK,Chicago Cubs,Oakland Athletics,0,0,0,0,1024,900,32,30,161,162,Jason Hammel,0.132496,0.085849,0.364,0.293,17,15,225,225,17,26,0.028561000000000003,0.018225,0.169,0.135,0.039204,0.034225,0.198,0.185,SP,SP,0.5962732919254659,0.5432098765432098,16,9,4,3,UFA,9000000,6000000,9000000,2852459,9000000,6000000,0.0,0.0,0.0,0.0,20000000,190950000,32800000,10000000,96,88,2.1315999999999997,10.3041,1.46,3.21,2,9,16.012735135300492,16.012735135300492,16.012735135300492
PHI,PIT,6.3,6.3,2015,5,4,1,1,1,1,1,0,1,0,1,8,1,27,26,PIT,Philadelphia Phillies,Pittsburgh Pirates,0,0,0,0,4225,1936,65,44,161,162,Jeanmar Gomez,0.0,4.0,0.0,2.0,7,9,215,215,14,16,0.0,1.0,0.0,1.0,0.16080100000000003,0.07398400000000001,0.401,0.272,RP,RP,0.3850931677018633,0.5432098765432098,0,0,0,0,UFA,800000,514500,800000,514500,800000,514500,3196.7716,0.0,56.54,0.0,800000,13800000,5000000,800000,62,88,1.5625,0.17639999999999997,1.25,0.42,2,5,13.592367006650065,13.592367006650065,13.592367006650065
HOU,OAK,6.0,6.0,2015,5,4,3,52900,252004,230,502,2601,15625,51,125,7,5,31,30,OAK,Houston Astros,Oakland Athletics,81,36,9,6,4761,18496,69,136,161,162,Jed Lowrie,0.506944,0.45697600000000005,0.712,0.676,1,15,180,180,10,26,0.049284,0.062001,0.222,0.249,0.181476,0.7055999999999999,0.426,0.84,2B,2B,0.5341614906832298,0.5432098765432098,900,2500,30,50,UFA,8000000,5250000,8000000,5250000,8000000,5250000,0.0,775.0656,0.0,27.84,23000000,65600000,32800000,7666667,86,88,1.2100000000000002,0.81,1.1,0.9,0,9,15.89495209964411,15.89495209964411,15.89495209964411
KC,KC,6.1,6.1,2013,5,4,3,16,25,4,5,1,0,1,0,10,4,36,35,KC,Kansas City Royals,Kansas City Royals,0,0,0,0,900,1089,30,33,161,162,Jeremy Guthrie,0.25,0.027889000000000004,0.5,0.167,4,3,205,205,9,8,0.0625,0.0,0.25,0.0,0.034225,0.04161599999999999,0.185,0.204,SP,SP,0.5838509316770186,0.5493827160493827,0,0,0,0,UFA,9000000,8000000,9000000,8000000,9000000,8000000,7.290000000000001,1178.5488999999998,2.7,34.33,25000000,69025000,66500000,8333333,94,89,2.8223999999999996,1.2995999999999999,-1.68,1.14,2,1,16.012735135300492,16.012735135300492,16.012735135300492
STL,STL,6.2,6.2,2014,5,4,4,335241,313600,579,560,25281,21609,159,147,3,5,33,32,DET,St. Louis Cardinals,St. Louis Cardinals,324,441,18,21,24025,24649,155,157,160,161,Jhonny Peralta,0.564001,0.6068410000000001,0.751,0.779,23,23,229,229,28,27,0.07562500000000001,0.06916900000000001,0.275,0.263,0.9158489999999999,0.9389609999999999,0.957,0.969,3B,3B,0.625,0.5527950310559007,5041,5625,71,75,UFA,15000000,15500000,15000000,15500000,15000000,15500000,1075.1841,4790.024099999999,32.79,69.21,53000000,7500000,59750000,13250000,100,89,3.4596000000000005,35.28360000000001,1.86,5.94,11,11,16.523560759066484,16.523560759066484,16.523560759066484
CHC,OAK,6.4,6.4,2015,5,4,6,3844,25,62,5,16,0,4,0,13,5,31,30,OAK,Chicago Cubs,Oakland Athletics,0,0,0,0,1024,1024,32,32,161,162,Jon Lester,0.029583999999999996,0.0,0.172,0.0,17,15,240,240,17,26,0.0042250000000000005,0.0,0.065,0.0,0.039204,0.039204,0.198,0.198,SP,SP,0.5962732919254659,0.5432098765432098,0,0,0,0,UFA,15000000,13000000,20000000,2512295,20000000,13050000,1488.4163999999998,7192.7361,38.58,84.81,155000000,190950000,32800000,25833333,96,88,7.507600000000001,8.0089,2.74,2.83,2,9,16.523560759066484,16.811242831518264,16.811242831518264
CHC,BOS,5.9,5.9,2015,5,4,1,15876,8100,126,90,841,441,29,21,13,9,30,29,BOS,Chicago Cubs,Boston Red Sox,4,0,2,0,5329,1764,73,42,161,162,Jonathan Herrera,0.33177599999999996,0.355216,0.576,0.596,17,13,180,180,17,21,0.0529,0.054289000000000004,0.23,0.233,0.203401,0.067081,0.451,0.259,SS,SS,0.5962732919254659,0.4382716049382716,196,81,14,9,UFA,900000,1300000,900000,1300000,900000,1300000,0.0,0.0,0.0,0.0,900000,190950000,56433443,900000,96,71,0.18489999999999998,0.028900000000000006,-0.43,-0.17,2,8,13.710150042306449,13.710150042306449,13.710150042306449
KC,OAK,6.1,6.1,2015,5,4,1,50625,74529,225,273,2304,4096,48,64,10,5,34,33,OAK,Kansas City Royals,Oakland Athletics,49,36,7,6,9025,12544,95,112,161,162,Jonny Gomes,0.43560000000000004,0.43164900000000006,0.66,0.657,4,15,205,205,9,26,0.045369,0.054756000000000006,0.213,0.234,0.343396,0.47748099999999993,0.586,0.691,LF,LF,0.5838509316770186,0.5432098765432098,676,1369,26,37,UFA,1000000,5000000,371585,1639344,1000000,5000000,0.0,131.5609,0.0,11.47,4000000,69025000,32800000,4000000,94,88,0.17639999999999997,0.016900000000000002,-0.42,-0.13,2,9,13.815510557964274,12.825532919122162,13.815510557964274
COL,TOR,0.0,0.0,2012,5,4,6,231361,372100,481,610,17424,30625,132,175,9,2,32,31,NYM,Colorado Rockies,Toronto Blue Jays,49,81,7,9,13456,20449,116,143,161,162,Jose Reyes,0.47334399999999993,0.527076,0.688,0.726,1,2,195,195,3,5,0.07507600000000002,0.08236899999999998,0.274,0.287,0.512656,0.779689,0.716,0.883,3B,3B,0.4161490683229814,0.5123456790123457,2809,2601,53,51,UFA,8295081,16000000,8295081,16000000,8295081,16000000,259.21000000000004,1987.3763999999999,16.1,44.58,106000000,18950000,8000000,17666667,67,83,0.0484,10.112400000000001,-0.22,3.18,0,2,15.93117324647763,15.93117324647763,15.93117324647763
TEX,LAA,6.4,6.4,2013,5,4,5,28900,114244,170,338,1849,7921,43,89,14,8,34,33,TEX,Texas Rangers,Los Angeles Angels,64,100,8,10,2500,7921,50,89,161,161,Josh Hamilton,0.535824,0.555025,0.732,0.745,2,1,240,240,7,10,0.064009,0.06916900000000001,0.253,0.263,0.095481,0.30140100000000003,0.309,0.549,LF,LF,0.5403726708074534,0.6086956521739131,625,1936,25,44,UFA,2000000,15000000,2000000,17400000,2000000,17400000,0.0,0.0,0.0,0.0,125000000,13800000,22100000,25000000,87,98,0.1936,1.9880999999999998,0.44,1.41,0,1,14.508657738524219,14.508657738524219,14.508657738524219
DET,TEX,6.0,6.0,2015,5,4,1,1444,4489,38,67,144,256,12,16,4,7,34,33,TEX,Detroit Tigers,Texas Rangers,0,0,0,0,441,576,21,24,160,162,Josh Wilson,0.555025,0.32489999999999997,0.745,0.57,11,2,0,0,16,6,0.099856,0.057121,0.316,0.239,0.016900000000000002,0.021903999999999996,0.13,0.148,2B,2B,0.45625,0.4135802469135802,25,64,5,8,UFA,507500,875000,166393,200819,507500,875000,0.0,0.0,0.0,0.0,0,2000000,136050000,0,73,67,,,,,4,0,13.137251989898079,12.022107739176699,13.137251989898079
NYM,LAD,6.0,6.0,2014,5,4,2,129600,148996,360,386,8281,14400,91,120,1,11,36,35,LAD,New York Mets,Los Angeles Dodgers,196,81,14,9,14161,10609,119,103,161,161,Juan Uribe,0.543169,0.6037290000000001,0.737,0.777,5,25,245,245,9,28,0.064009,0.096721,0.253,0.311,0.540225,0.404496,0.735,0.636,3B,3B,0.5527950310559007,0.577639751552795,1849,2916,43,54,UFA,3152855,6500000,3152855,7500000,3152855,7500000,912.6441000000001,3320.0643999999998,30.21,57.62,15000000,1450000,61150000,7500000,89,93,1.1881000000000002,16.4025,1.09,4.05,2,6,14.963818949521734,14.963818949521734,14.963818949521734
COL,COL,6.4,6.4,2014,5,4,2,28224,252004,168,502,2704,25600,52,160,9,6,34,33,PIT,Colorado Rockies,Colorado Rockies,9,289,3,17,2401,18225,49,135,161,161,Justin Morneau,0.6740409999999999,0.7395999999999999,0.821,0.86,1,1,220,220,3,3,0.0961,0.101761,0.31,0.319,0.091809,0.693889,0.303,0.833,1B,1B,0.4161490683229814,0.4099378881987577,225,6724,15,82,UFA,7250000,5000000,7250000,5000000,7250000,5000000,0.0,6510.8760999999995,0.0,80.69,12500000,18950000,31250000,6250000,67,66,0.1444,9.985600000000002,0.38,3.16,0,0,15.796512026830857,15.796512026830857,15.796512026830857
TOR,SEA,0.0,0.0,2015,5,4,1,87616,61504,296,248,4489,2500,67,50,11,8,28,27,TOR,Toronto Blue Jays,Seattle Mariners,324,49,18,7,17424,6400,132,80,161,161,Justin Smoak,0.589824,0.376996,0.768,0.614,2,0,220,220,6,4,0.051076,0.04080400000000001,0.226,0.202,0.664225,0.244036,0.815,0.494,1B,1B,0.577639751552795,0.5341614906832298,3481,900,59,30,UFA,1000000,2637500,1000000,2637500,1000000,2637500,2000.7728999999997,0.0,44.73,0.0,1000000,86600000,267800000,1000000,93,86,1.3688999999999998,0.36,1.17,-0.6,2,0,13.815510557964274,13.815510557964274,13.815510557964274
NYM,BAL,6.1,6.1,2015,5,4,1,96100,70225,310,265,6724,3249,82,57,1,10,33,32,BAL,New York Mets,Baltimore Orioles,196,49,14,7,12321,11236,111,106,161,162,Kelly Johnson,0.567009,0.43428100000000003,0.753,0.659,5,7,195,195,9,13,0.07022500000000001,0.046224999999999995,0.265,0.215,0.46922500000000006,0.42771600000000004,0.685,0.654,2B,2B,0.5527950310559007,0.5925925925925926,2209,729,47,27,UFA,598360,3000000,598360,983606,598360,3000000,1237.6324,191.2689,35.18,13.83,1500000,1450000,23300000,1500000,89,96,0.0016,0.0064,-0.04,-0.08,2,3,13.301947858488397,13.301947858488397,13.301947858488397
KC,SEA,6.1,6.1,2015,5,4,2,323761,134689,569,367,27225,6400,165,80,10,8,32,31,SEA,Kansas City Royals,Seattle Mariners,484,64,22,8,24964,9604,158,98,161,161,Kendrys Morales,0.717409,0.374544,0.847,0.612,4,0,225,225,9,4,0.0841,0.047524,0.29,0.218,0.9506249999999999,0.366025,0.975,0.605,DH,DH,0.5838509316770186,0.5341614906832298,11236,1764,106,42,UFA,6500000,12000000,7250000,4393442,7250000,12000000,5288.1984,18.49,72.72,4.3,17000000,69025000,267800000,8500000,94,86,5.7121,0.4489000000000001,2.39,-0.67,2,0,15.687312734865866,15.796512026830857,15.796512026830857
TEX,OAK,6.6,6.6,2015,5,4,1,4489,3025,67,55,441,289,21,17,14,5,28,27,OAK,Texas Rangers,Oakland Athletics,9,4,3,2,324,676,18,26,161,162,Kyle Blanks,0.765625,0.7140249999999999,0.875,0.845,2,15,265,265,7,26,0.097969,0.095481,0.313,0.309,0.012321,0.025921000000000003,0.111,0.161,LF,LF,0.5403726708074534,0.5432098765432098,36,49,6,7,UFA,1000000,987500,1000000,733879,1000000,987500,0.0,0.0,0.0,0.0,1000000,13800000,32800000,1000000,87,88,0.30250000000000005,0.34809999999999997,0.55,0.59,0,9,13.815510557964274,13.815510557964274,13.815510557964274
COL,PHI,6.3,6.3,2015,5,4,1,1849,4356,43,66,64,81,8,9,9,7,30,29,PHI,Colorado Rockies,Philadelphia Phillies,1,0,1,0,729,1024,27,32,161,162,Kyle Kendrick,0.292681,0.09060099999999999,0.541,0.301,1,7,210,210,3,14,0.034596,0.018496000000000002,0.186,0.136,0.027889000000000004,0.039204,0.167,0.198,SP,SP,0.4161490683229814,0.4506172839506173,4,1,2,1,UFA,5500000,7675000,5500000,7675000,5500000,7675000,21.715600000000002,524.41,4.66,22.9,5500000,18950000,59875000,5500000,67,73,0.48999999999999994,0.3844,-0.7,0.62,0,2,15.520258650202699,15.520258650202699,15.520258650202699
MIL,MIL,6.2,6.2,2013,5,4,3,1521,3721,39,61,81,49,9,7,5,7,36,35,STL,Milwaukee Brewers,Milwaukee Brewers,0,0,0,0,1681,961,41,31,161,162,Kyle Lohse,0.237169,0.07236100000000001,0.487,0.269,1,1,214,214,4,4,0.053361000000000006,0.013225,0.231,0.115,0.064009,0.036481,0.253,0.191,SP,SP,0.422360248447205,0.5061728395061729,1,25,1,5,UFA,11000000,11000000,11000000,11350000,11000000,11350000,6.5536,2510.01,2.56,50.1,33000000,17500000,57600000,11000000,68,82,1.5876000000000001,4.752400000000001,-1.26,2.18,0,0,16.213405830762646,16.213405830762646,16.213405830762646
STL,MIL,6.2,6.2,2015,5,4,1,145924,142884,382,378,7744,5476,88,74,3,7,31,30,MIL,St. Louis Cardinals,Milwaukee Brewers,169,484,13,22,19600,16900,140,130,160,162,Mark Reynolds,0.508369,0.4637610000000001,0.713,0.681,23,1,220,220,28,4,0.0529,0.038416000000000006,0.23,0.196,0.7464959999999999,0.6448090000000001,0.864,0.803,3B,3B,0.625,0.5061728395061729,2304,2025,48,45,UFA,2000000,2000000,2000000,2000000,2000000,2000000,687.4884,1207.5625,26.22,34.75,2000000,7500000,57600000,2000000,100,82,0.2116,0.4489000000000001,-0.46,0.67,11,0,14.508657738524219,14.508657738524219,14.508657738524219
SF,PHI,6.0,6.0,2014,5,4,2,256036,349281,506,591,15625,24336,125,156,9,7,37,36,PIT,San Francisco Giants,Philadelphia Phillies,576,625,24,25,18225,23716,135,154,161,162,Marlon Byrd,0.561001,0.573049,0.749,0.757,23,7,245,245,25,14,0.061009,0.06969600000000001,0.247,0.264,0.693889,0.9044009999999999,0.833,0.951,LF,LF,0.5217391304347826,0.4506172839506173,5329,7225,73,85,UFA,8000000,8000000,8000000,8000000,8000000,8000000,1687.5664,3336.2176,41.08,57.76,16000000,44000000,59875000,8000000,84,73,0.6561000000000001,11.0224,0.81,3.32,8,2,15.89495209964411,15.89495209964411,15.89495209964411
LAA,CIN,6.6,6.6,2015,5,4,0,576,900,24,30,49,9,7,3,6,6,27,26,LAD,Los Angeles Angels,Cincinnati Reds,0,0,0,0,576,256,24,16,161,162,Mat Latos,0.33988899999999994,0.052441,0.583,0.229,1,10,245,245,10,15,0.08526399999999999,0.010000000000000002,0.292,0.1,0.021903999999999996,0.009801,0.148,0.099,SP,SP,0.5279503105590062,0.4691358024691358,1,1,1,1,UFA,507500,7250000,13866,7250000,507500,7250000,870.25,0.0,29.5,0.0,0,1507500,15125000,0,85,76,0.3844,1.2321000000000002,-0.62,1.11,1,5,13.137251989898079,9.537195079502435,13.137251989898079
MIL,MIL,6.4,6.4,2014,5,4,4,1521,2401,39,49,9,9,3,3,5,7,31,30,TEX,Milwaukee Brewers,Milwaukee Brewers,0,0,0,0,676,729,26,27,161,162,Matt Garza,0.031328999999999996,0.026244,0.177,0.162,1,1,215,215,4,4,0.005929,0.003721,0.077,0.061,0.025921000000000003,0.027889000000000004,0.161,0.167,SP,SP,0.422360248447205,0.5061728395061729,0,0,0,0,UFA,12500000,12500000,12500000,12500000,12500000,12500000,8.940100000000001,1251.7444000000003,2.99,35.38,50000000,17500000,57600000,12500000,68,82,2.6244000000000005,1.5129,-1.62,1.23,0,0,16.34123920227253,16.34123920227253,16.34123920227253
WSH,DET,6.3,6.3,2015,5,4,7,4761,4,69,2,225,0,15,0,8,5,30,29,DET,Washington Nationals,Detroit Tigers,0,0,0,0,1156,1089,34,33,161,162,Max Scherzer,0.208849,0.0,0.457,0.0,1,11,208,208,3,16,0.047089,0.0,0.217,0.0,0.04409999999999999,0.04161599999999999,0.21,0.204,SP,SP,0.515527950310559,0.5555555555555556,0,0,0,0,UFA,10000000,15525000,17317857,15525000,17317857,15525000,5869.0921,5694.211599999999,76.61,75.46,210000000,216000000,33500000,30000000,83,90,46.92249999999999,32.718399999999995,6.85,5.72,0,4,16.11809565095832,16.66724872365125,16.66724872365125
CHW,TOR,0.0,0.0,2015,5,4,3,395641,322624,629,568,29584,29241,172,171,13,2,30,29,TOR,Chicago White Sox,Toronto Blue Jays,144,256,12,16,24964,19321,158,139,161,162,Melky Cabrera,0.5041,0.6528640000000001,0.71,0.808,6,2,210,210,9,5,0.07452900000000001,0.09060099999999999,0.273,0.301,0.9506249999999999,0.7361639999999999,0.975,0.858,LF,LF,0.4720496894409938,0.5123456790123457,5776,5329,76,73,UFA,13000000,8000000,13000000,8000000,13000000,8000000,552.7201000000001,5811.012900000001,23.51,76.23,42000000,137000000,8000000,14000000,76,83,2.1025,12.320099999999998,1.45,3.51,3,2,16.38045991542581,16.38045991542581,16.38045991542581
SD,ATL,6.3,6.3,2013,5,4,5,42025,269361,205,519,2809,11664,53,108,8,5,30,29,TB,San Diego Padres,Atlanta Braves,25,144,5,12,7569,19881,87,141,161,162,Melvin Upton,0.573049,0.3844,0.757,0.62,2,18,185,185,5,23,0.067081,0.043264,0.259,0.208,0.28836900000000004,0.7569,0.537,0.87,LF,LF,0.4596273291925465,0.4876543209876543,289,1225,17,35,UFA,14450000,13450000,15050000,14050000,15050000,14050000,0.0,66.09690000000002,0.0,8.13,72500000,80850000,47350000,14500000,74,79,2.25,0.10890000000000001,1.5,-0.33,0,3,16.486204972522714,16.52688854915916,16.52688854915916
PIT,SF,6.5,6.5,2015,5,4,2,52441,191844,229,438,2809,14884,53,122,4,7,33,32,SF,Pittsburgh Pirates,San Francisco Giants,25,256,5,16,9604,17161,98,131,161,161,Mike Morse,0.42120100000000005,0.6577210000000001,0.649,0.811,9,23,245,245,17,25,0.053361000000000006,0.07784100000000002,0.231,0.279,0.366025,0.6544810000000001,0.605,0.809,LF,LF,0.6024844720496895,0.5403726708074534,361,3721,19,61,UFA,2928961,6000000,2928961,6000000,2928961,6000000,32.3761,2541.1681,5.69,50.41,16000000,50000000,25850000,8000000,97,87,0.2304,0.9216,-0.48,0.96,5,8,14.890158310596608,14.890158310596608,14.890158310596608
TEX,BOS,6.1,6.1,2014,5,4,2,165649,172225,407,415,8281,10609,91,103,14,9,33,32,BOS,Texas Rangers,Boston Red Sox,324,289,18,17,17689,14161,133,119,161,162,Mike Napoli,0.538756,0.6225210000000001,0.734,0.789,2,13,225,225,7,21,0.050176000000000005,0.061503999999999996,0.224,0.248,0.6740409999999999,0.540225,0.821,0.735,1B,1B,0.5403726708074534,0.4382716049382716,2500,3025,50,55,UFA,1500000,16000000,1500000,16000000,1500000,16000000,303.1081,3089.1364,17.41,55.58,32000000,13800000,56433443,16000000,87,71,0.25,10.5625,0.5,3.25,0,8,14.22097566607244,14.22097566607244,14.22097566607244
SEA,BAL,6.2,6.2,2015,5,4,4,348100,375769,590,613,31684,27556,178,166,9,10,34,33,BAL,Seattle Mariners,Baltimore Orioles,1936,1600,44,40,23104,25281,152,159,161,162,Nelson Cruz,0.8760960000000001,0.737881,0.936,0.859,0,7,230,230,4,13,0.091204,0.073441,0.302,0.271,0.8798439999999998,0.964324,0.938,0.982,DH,DH,0.4658385093167702,0.5925925925925926,8649,11664,93,108,UFA,14000000,8000000,14375000,8000000,14375000,8000000,8268.264900000002,8315.6161,90.93,91.19,57000000,59750000,23300000,14250000,75,96,25.603599999999997,19.8916,5.06,4.46,0,3,16.454567887579532,16.48100114464769,16.48100114464769
COL,BAL,6.0,6.0,2015,5,4,2,133956,47524,366,218,12100,2809,110,53,9,10,31,30,BAL,Colorado Rockies,Baltimore Orioles,100,36,10,6,10609,6889,103,83,161,162,Nick Hundley,0.6544810000000001,0.398161,0.809,0.631,1,7,203,203,3,13,0.09060099999999999,0.059049,0.301,0.243,0.404496,0.262144,0.636,0.512,C,C,0.4161490683229814,0.5925925925925926,1849,484,43,22,UFA,3100000,2500000,3100000,248633,3100000,2500000,3950.1225000000004,0.0,62.85,0.0,6250000,18950000,23300000,3125000,67,96,3.3489000000000004,0.0025000000000000005,1.83,0.05,0,3,14.946912669455374,14.946912669455374,14.946912669455374
ATL,BAL,0.0,0.0,2015,5,4,4,374544,412164,612,642,32761,31329,181,177,18,10,31,30,BAL,Atlanta Braves,Baltimore Orioles,9,196,3,14,24336,24025,156,155,160,162,Nick Markakis,0.556516,0.5314409999999999,0.746,0.729,18,7,210,210,23,13,0.08761599999999999,0.07617600000000001,0.296,0.276,0.9273689999999999,0.9158489999999999,0.963,0.957,RF,RF,0.40625,0.5925925925925926,2809,2500,53,50,UFA,10500000,15000000,11000000,15350000,11000000,15350000,1359.3968999999997,1282.3561000000002,36.87,35.81,44000000,69107500,23300000,11000000,65,96,2.9929,3.1684,1.73,1.78,3,3,16.166885815127753,16.213405830762646,16.213405830762646
BAL,ARI,6.4,6.4,2015,5,4,1,28900,4761,170,69,1764,256,42,16,9,8,31,30,ARI,Baltimore Orioles,Arizona Diamondbacks,36,9,6,3,3721,841,61,29,161,161,Nolan Reimold,0.544644,0.5140889999999999,0.738,0.717,7,1,205,205,13,5,0.061009,0.053824000000000004,0.247,0.232,0.142129,0.032041,0.377,0.179,LF,LF,0.4968944099378882,0.3975155279503105,400,169,20,13,UFA,507500,1025000,288415,179234,507500,1025000,0.0,0.0,0.0,0.0,0,3000000,42450000,0,80,64,0.0144,0.0036,-0.12,0.06,3,1,13.137251989898079,12.572155694136102,13.137251989898079
MIN,MIN,6.5,6.5,2014,5,4,3,9,36,3,6,0,0,0,0,4,7,29,28,NYY,Minnesota Twins,Minnesota Twins,0,0,0,0,729,1024,27,32,161,162,Phil Hughes,0.0,0.0,0.0,0.0,6,6,240,240,14,14,0.0,0.0,0.0,0.0,0.027889000000000004,0.039204,0.167,0.198,RP,RP,0.515527950310559,0.4320987654320987,0,0,0,0,UFA,9200000,8000000,9200000,8500000,9200000,8500000,0.0,0.0,0.0,0.0,24000000,68250000,97290983,8000000,83,70,2.6244000000000005,20.6116,1.62,4.54,3,3,16.034714042019267,16.034714042019267,16.034714042019267
CHC,BAL,6.1,6.1,2015,5,4,1,1,4,1,2,0,0,0,0,13,10,30,29,BAL,Chicago Cubs,Baltimore Orioles,0,0,0,0,64,100,8,10,161,162,Quintin Berry,0.0,0.0,0.0,0.0,17,7,175,175,17,13,0.0,0.0,0.0,0.0,0.0024010000000000004,0.0038439999999999998,0.049,0.062,LF,LF,0.5962732919254659,0.5925925925925926,0,0,0,0,UFA,507500,500000,91516,68306,507500,500000,0.0,0.0,0.0,0.0,0,190950000,23300000,0,96,96,0.0004,0.0,-0.02,0.0,2,3,13.137251989898079,11.424269099364771,13.137251989898079
DET,DET,5.9,5.9,2014,5,4,2,116281,212521,341,461,7744,16900,88,130,4,5,34,33,TOR,Detroit Tigers,Detroit Tigers,64,64,8,8,12544,17956,112,134,160,162,Rajai Davis,0.556516,0.519841,0.746,0.721,11,11,195,195,16,16,0.066564,0.07952399999999998,0.258,0.282,0.48441599999999996,0.6839289999999999,0.696,0.827,CF,CF,0.45625,0.5555555555555556,900,2601,30,51,UFA,5000000,5000000,5000000,5000000,5000000,5000000,2601.0,3194.5104000000006,51.0,56.52,10000000,2000000,33500000,5000000,73,90,2.5281000000000002,2.5921000000000003,1.59,1.61,4,4,15.424948470398375,15.424948470398375,15.424948470398375
MIN,MIN,6.2,6.2,2014,5,4,4,9,4,3,2,0,0,0,0,4,7,32,31,LAD,Minnesota Twins,Minnesota Twins,0,0,0,0,81,729,9,27,161,162,Ricky Nolasco,0.0,0.0,0.0,0.0,6,6,215,215,14,14,0.0,0.0,0.0,0.0,0.0031360000000000003,0.027889000000000004,0.056,0.167,SP,SP,0.515527950310559,0.4320987654320987,0,0,0,0,UFA,12000000,12000000,12000000,12000000,12000000,12000000,0.0,51.5524,0.0,7.18,49000000,68250000,97290983,12250000,83,70,0.6561000000000001,0.0576,-0.81,0.24,3,3,16.300417207752275,16.300417207752275,16.300417207752275
SEA,SEA,6.0,6.0,2014,5,4,10,389376,354025,624,595,32041,34969,179,187,9,8,32,31,NYY,Seattle Mariners,Seattle Mariners,441,196,21,14,24336,24649,156,157,161,161,Robinson Cano,0.6068410000000001,0.698896,0.779,0.836,0,0,210,210,4,4,0.08236899999999998,0.098596,0.287,0.314,0.9273689999999999,0.9389609999999999,0.963,0.969,2B,2B,0.4658385093167702,0.5341614906832298,6241,6724,79,82,UFA,24000000,24000000,24000000,24050000,24000000,24050000,830.0160999999999,4283.7025,28.81,65.45,240000000,59750000,267800000,24000000,75,86,12.320099999999998,40.1956,3.51,6.34,0,0,16.99356438831222,16.99356438831222,16.99356438831222
ATL,WSH,6.5,6.5,2015,5,4,1,1,4,1,2,0,0,0,0,18,8,29,28,TEX,Atlanta Braves,Washington Nationals,0,0,0,0,1681,2209,41,47,160,162,Ross Detwiler,0.0,0.11088900000000002,0.0,0.333,18,1,210,210,23,3,0.0,0.0,0.0,0.0,0.064009,0.0841,0.253,0.29,SP,SP,0.40625,0.5925925925925926,0,0,0,0,UFA,507500,3000000,221857,3000000,507500,3000000,0.2601,109.41160000000002,0.51,10.46,507500,69107500,14150000,507500,65,96,0.34809999999999997,0.09,-0.59,-0.3,3,0,13.137251989898079,12.3097883091603,13.137251989898079
SF,SF,6.4,6.4,2015,5,4,1,1296,3721,36,61,25,49,5,7,9,7,37,36,SF,San Francisco Giants,San Francisco Giants,1,0,1,0,1089,1024,33,32,161,161,Ryan Vogelsong,0.16974399999999998,0.092416,0.412,0.304,23,23,215,215,25,25,0.019321000000000005,0.013225,0.139,0.115,0.04161599999999999,0.039204,0.204,0.198,SP,SP,0.5217391304347826,0.5403726708074534,4,4,2,2,UFA,4000000,5000000,4000000,5000000,4000000,5000000,306.9504,1430.3524,17.52,37.82,4000000,44000000,25850000,4000000,84,87,0.12249999999999998,0.9216,-0.35,0.96,8,8,15.201804919084164,15.201804919084164,15.201804919084164
HOU,HOU,6.6,6.6,2014,5,4,3,4,4,2,2,1,0,1,0,7,8,32,31,BAL,Houston Astros,Houston Astros,0,0,0,0,324,841,18,29,161,162,Scott Feldman,1.0,0.0,1.0,0.0,1,1,225,225,10,9,0.25,0.0,0.5,0.0,0.012321,0.032041,0.111,0.179,SP,SP,0.5341614906832298,0.4320987654320987,0,0,0,0,UFA,10000000,12000000,10000000,12000000,10000000,12000000,1361.61,1532.7224999999999,36.9,39.15,30000000,65600000,43800000,10000000,86,70,1.2544000000000002,3.0976,1.12,1.76,0,0,16.11809565095832,16.11809565095832,16.11809565095832
HOU,OAK,6.0,6.0,2014,5,4,2,16,16,4,4,1,0,1,0,7,5,31,30,CLE,Houston Astros,Oakland Athletics,0,0,0,0,961,1024,31,32,161,162,Scott Kazmir,0.25,0.0,0.5,0.0,1,15,185,185,10,26,0.0625,0.0,0.25,0.0,0.036481,0.039204,0.191,0.198,SP,SP,0.5341614906832298,0.5432098765432098,1,0,1,0,UFA,4448087,7000000,4448087,9050000,4448087,9050000,1179.9225000000001,2366.8224999999998,34.35,48.65,22000000,65600000,32800000,11000000,86,88,0.0064,3.7636,-0.08,1.94,0,9,15.307984674073792,15.307984674073792,15.307984674073792
MIN,STL,5.9,5.9,2015,5,4,1,32400,3600,180,60,2025,81,45,9,4,5,30,29,STL,Minnesota Twins,St. Louis Cardinals,0,0,0,0,6889,2209,83,47,161,161,Shane Robinson,0.385641,0.182329,0.621,0.427,6,23,170,170,14,27,0.0625,0.0225,0.25,0.15,0.262144,0.0841,0.512,0.29,CF,CF,0.515527950310559,0.5527950310559007,256,16,16,4,UFA,550000,519000,550000,317639,550000,519000,0.0,0.0,0.0,0.0,550000,68250000,59750000,550000,83,89,0.0841,0.22089999999999999,0.29,-0.47,3,11,13.217673557208654,13.217673557208654,13.217673557208654
LAA,BOS,5.9,5.9,2013,5,4,3,31684,15129,178,123,1681,1089,41,33,6,9,34,33,LAD,Los Angeles Angels,Boston Red Sox,1,4,1,2,5041,900,71,30,161,162,Shane Victorino,0.361201,0.46922500000000006,0.601,0.685,1,13,160,160,10,21,0.0529,0.07182400000000001,0.23,0.268,0.191844,0.034225,0.438,0.185,RF,RF,0.5279503105590062,0.4382716049382716,49,144,7,12,UFA,1172677,13000000,1172677,13000000,1172677,13000000,0.0,0.0,0.0,0.0,39000000,1507500,56433443,13000000,85,71,0.28090000000000004,0.25,0.53,0.5,1,8,13.974799727397608,13.974799727397608,13.974799727397608
TEX,TEX,0.0,0.0,2014,5,4,7,308025,207025,555,455,23409,12100,153,110,14,7,32,31,CIN,Texas Rangers,Texas Rangers,484,169,22,13,22201,15129,149,123,161,162,Shin-Soo Choo,0.7039209999999999,0.5097959999999999,0.839,0.714,2,2,210,210,7,6,0.07617600000000001,0.058564,0.276,0.242,0.8464,0.5760810000000001,0.92,0.759,RF,RF,0.5403726708074534,0.4135802469135802,6889,1600,83,40,UFA,14000000,14000000,14000000,14000000,14000000,14000000,4200.3361,132.0201,64.81,11.49,130000000,13800000,136050000,18571429,87,67,10.4329,0.0001,3.23,-0.01,0,0,16.454567887579532,16.454567887579532,16.454567887579532
NYY,NYY,6.0,6.0,2015,5,4,1,146689,73441,383,271,5929,1936,77,44,7,9,32,31,NYY,New York Yankees,New York Yankees,289,49,17,7,17161,7225,131,85,161,162,Stephen Drew,0.42510400000000004,0.28729600000000005,0.652,0.536,40,40,200,200,51,50,0.040401000000000006,0.026244,0.201,0.162,0.6544810000000001,0.275625,0.809,0.525,2B,2B,0.5403726708074534,0.5185185185185185,1936,676,44,26,UFA,5000000,14100000,5000000,3122950,5000000,14100000,335.25609999999995,0.0,18.31,0.0,5000000,101500000,311500000,5000000,87,84,0.09,0.0036,0.3,-0.06,27,27,15.424948470398375,15.424948470398375,15.424948470398375
SF,SF,6.1,6.1,2014,5,4,3,1444,2809,38,53,49,4,7,2,9,7,39,38,ATL,San Francisco Giants,San Francisco Giants,1,0,1,0,576,961,24,31,161,161,Tim Hudson,0.27144100000000004,0.016129,0.521,0.127,23,23,174,174,25,25,0.033856,0.001444,0.184,0.038,0.021903999999999996,0.036481,0.148,0.191,SP,SP,0.5217391304347826,0.5403726708074534,1,1,1,1,UFA,12000000,11000000,12000000,11025000,12000000,11025000,838.6816,2193.0489,28.96,46.83,28000000,44000000,25850000,9333333,84,87,0.2916,1.44,0.54,1.2,8,8,16.300417207752275,16.300417207752275,16.300417207752275
MIN,DET,6.2,6.2,2015,5,4,1,271441,301401,521,549,15625,24649,125,157,4,5,39,38,DET,Minnesota Twins,Detroit Tigers,484,289,22,17,19321,20164,139,142,161,162,Torii Hunter,0.49280399999999996,0.585225,0.702,0.765,6,11,205,205,14,16,0.0576,0.08179599999999998,0.24,0.286,0.7361639999999999,0.769129,0.858,0.877,RF,RF,0.515527950310559,0.5555555555555556,6561,6889,81,83,UFA,10500000,14000000,10500000,14000000,10500000,14000000,440.58009999999996,924.7681,20.99,30.41,10500000,68250000,33500000,10500000,83,90,0.3721,0.5328999999999999,-0.61,0.73,3,4,16.166885815127753,16.166885815127753,16.166885815127753
CHC,ARI,6.4,6.4,2015,5,4,1,49,576,7,24,1,4,1,2,13,8,27,26,ATL,Chicago Cubs,Arizona Diamondbacks,0,0,0,0,676,1024,26,32,161,161,Trevor Cahill,0.154449,0.060024999999999995,0.393,0.245,17,1,230,230,17,5,0.020448999999999995,0.006889000000000001,0.143,0.083,0.025921000000000003,0.039204,0.161,0.198,RP,RP,0.5962732919254659,0.3975155279503105,0,0,0,0,UFA,507500,7700000,91516,7900000,507500,7900000,239.6304,8.526399999999999,15.48,2.92,0,190950000,42450000,0,96,64,0.5184,2.5921000000000003,-0.72,-1.61,2,1,13.137251989898079,11.424269099364771,13.137251989898079
LAD,LAD,6.2,6.2,2013,5,4,6,4489,3600,67,60,225,144,15,12,8,11,31,30,LAA,Los Angeles Dodgers,Los Angeles Dodgers,4,1,2,1,1024,1024,32,32,161,161,Zack Greinke,0.33062499999999995,0.374544,0.575,0.612,25,25,200,200,29,28,0.050176000000000005,0.04000000000000001,0.224,0.2,0.039204,0.039204,0.198,0.198,SP,SP,0.5652173913043478,0.577639751552795,9,9,3,3,UFA,23000000,24000000,25000000,26000000,25000000,26000000,9828.7396,3483.3604000000005,99.14,59.02,147000000,61257500,61150000,24500000,91,93,82.0836,19.624899999999997,9.06,4.43,6,6,16.951004773893423,17.034386382832476,17.034386382832476
