Acronimo_t,Acronimo_t_1,Altura_t,Altura_t_1,Anio,Anio_t,Anio_t_1,Anios_contrato,Bateos_pitcher_2_t,Bateos_pitcher_2_t_1,Bateos_pitcher_t,Bateos_pitcher_t_1,Cantidad_agentes_libres_t,Cantidad_agentes_libres_t_1,Carreras_2_t,Carreras_2_t_1,Carreras_ganadas_2_t,Carreras_ganadas_2_t_1,Carreras_ganadas_t,Carreras_ganadas_t_1,Carreras_t,Carreras_t_1,Comando_2_t,Comando_2_t_1,Comando_t,Comando_t_1,Control_2_t,Control_2_t_1,Control_t,Control_t_1,Dominio_2_t,Dominio_2_t_1,Dominio_t,Dominio_t_1,ERA_2_t,ERA_2_t_1,ERA_t,ERA_t_1,Edad_t,Edad_t_1,Equipo_anterior,Equipo_t,Equipo_t_1,Inning_pitched_2_t,Inning_pitched_2_t_1,Inning_pitched_t,Inning_pitched_t_1,Juegos_2_t,Juegos_2_t_1,Juegos_iniciados_2_t,Juegos_iniciados_2_t_1,Juegos_iniciados_t,Juegos_iniciados_t_1,Juegos_t,Juegos_t_1,Juegos_totales_t,Juegos_totales_t_1,Jugador,Losses_2_t,Losses_2_t_1,Losses_t,Losses_t_1,Pennants_won_t,Pennants_won_t_1,Peso_t,Peso_t_1,Playoffs_t,Playoffs_t_1,Posicion_t,Posicion_t_1,Promedio_victorias_t,Promedio_victorias_t_1,Saves_2_t,Saves_2_t_1,Saves_t,Saves_t_1,Status,Strike_outs_2_t,Strike_outs_2_t_1,Strike_outs_t,Strike_outs_t_1,Sueldo_base_t,Sueldo_base_t_1,Sueldo_regular_t,Sueldo_regular_t_1,Sueldo_t,Sueldo_t_1,TVS_2_t,TVS_2_t_1,TVS_t,TVS_t_1,Valor_contrato,Valor_contrato_total_t,Valor_contrato_total_t_1,Valor_promedio_contrato,Victorias_t,Victorias_t_1,WAR_2_t,WAR_2_t_1,WAR_t,WAR_t_1,WHIP_2_t,WHIP_2_t_1,WHIP_t,WHIP_t_1,WS_ganadas_t,WS_ganadas_t_1,Walks_2_t,Walks_2_t_1,Walks_t,Walks_t_1,Wins_2_t,Wins_2_t_1,Wins_t,Wins_t_1,ln_Sueldo_base_t,ln_Sueldo_regular_t,ln_Sueldo_t
NYY,COL,6.5,6.5,2019,9,8,3,2209,1681,47,41,5,5,289,625,196,441,14,21,17,25,4.840000000000001,9.679012345679013,2.2,3.111111111111111,0.004493739644914244,0.00265019570038875,0.06703536115300822,0.05148005148005148,0.021749699881384938,0.025651276902528143,0.14747779453661808,0.16016016016016013,3.61,5.9049000000000005,1.9,2.43,33,32,COL,New York Yankees,Colorado Rockies,4395.69,6037.290000000001,66.3,77.7,5329,5625,0,0,0,0,73,75,162,163,Adam Ottavino,25,16,5,4,40,1,246,246,55,5,RP,RP,0.6358024691358025,0.558282208588957,4,36,2,6,UFA,7744,12544,88,112,8000000,7000000,9000000,7000000,9000000,7000000,3210.3555999999994,8317.44,56.66,91.2,27000000,124555000,122500000,9000000,103,91,4.7089,6.969600000000001,2.17,2.64,1.7161000000000002,0.9801,1.31,0.99,27,0,1600,1296,40,36,36,36,6,6,15.89495209964411,16.012735135300492,16.012735135300492
SD,SEA,6.1,6.1,2019,9,8,1,784,2304,28,48,4,3,324,324,289,324,17,18,18,18,4.340277777777779,6.760000000000001,2.0833333333333335,2.6,0.002158309288418917,0.0018475401550150856,0.04645760743321719,0.04298302170642596,0.009367661842095993,0.012489371447901979,0.0967866821525358,0.1117558564367075,28.5156,9.8596,5.34,3.14,31,30,SEA,San Diego Padres,Seattle Mariners,823.6899999999999,2672.8900000000003,28.7,51.7,625,2209,0,0,0,0,25,47,162,162,Adam Warren,1,4,1,2,2,0,224,224,5,4,RP,RP,0.4320987654320987,0.5493827160493827,0,0,0,0,UFA,625,2704,25,52,2000000,3315000,2000000,1105026,2000000,3315000,0.0,0.0,0.0,0.0,2500000,326000000,17750000,2500000,70,89,0.0576,0.5041,-0.24,0.71,1.9320999999999997,1.7424000000000002,1.39,1.32,0,0,144,400,12,20,16,9,4,3,14.508657738524219,14.508657738524219,14.508657738524219
BAL,BAL,6.3,6.3,2018,9,8,4,441,29584,21,172,1,2,256,8649,225,6889,15,83,16,93,16.0,5.626825310978909,4.0,2.372093023255814,0.00032641097263125593,0.0009841291268109671,0.018066847335140017,0.03137083242139053,0.005222575562100095,0.0055375226800115215,0.07226738934056007,0.07441453272050777,119.90249999999999,24.010000000000005,10.95,4.9,31,30,TB,Baltimore Orioles,Baltimore Orioles,151.29000000000002,23195.290000000005,12.3,152.3,9,784,9,784,3,28,3,28,161,162,Alex Cobb,4,225,2,15,7,7,205,205,14,14,SP,SP,0.3354037267080745,0.2901234567901234,0,0,0,0,UFA,64,10404,8,102,14000000,14000000,9500000,7500000,14000000,14000000,0.0,181.1716,0.0,13.46,57000000,800000,73000000,14250000,54,47,0.16809999999999997,1.2544000000000002,-0.41,1.12,3.4969000000000006,1.9880999999999998,1.87,1.41,3,3,4,1849,2,43,0,25,0,5,16.454567887579532,16.06680235657077,16.454567887579532
BOS,BAL,6.6,6.6,2018,9,8,2,20736,31329,144,177,1,2,7056,9409,6084,8100,78,90,84,97,3.4673008323424495,2.3197633136094673,1.8620689655172413,1.523076923076923,0.001845816186556927,0.0022282239235832586,0.04296296296296296,0.04720406681190995,0.0064,0.0051689521124353875,0.08,0.0718954248366013,21.902399999999997,27.9841,4.68,5.29,32,31,TEX,Boston Red Sox,Baltimore Orioles,22500.0,23409.0,150.0,153.0,1764,900,484,784,22,28,42,30,161,162,Andrew Cashner,64,256,8,16,14,7,235,235,24,14,RP,SP,0.515527950310559,0.2901234567901234,1,0,1,0,UFA,11664,9801,108,99,8000000,5000000,1577000,9500000,12500000,9500000,0.0,109.83040000000001,0.0,10.48,16000000,68000000,73000000,8000000,83,47,7.2360999999999995,0.3721,2.69,0.61,1.8225000000000002,2.4964000000000004,1.35,1.58,9,3,3364,4225,58,65,121,25,11,5,15.89495209964411,14.271034865945175,16.34123920227253
WSH,ATL,6.0,6.0,2019,9,8,2,23409,11236,153,106,7,4,5929,2304,5041,1849,71,43,77,48,5.33769322235434,10.331632653061225,2.310344827586207,3.2142857142857144,0.0015071441500047488,0.0011654040762148104,0.038821954484605084,0.03413801511826384,0.008044673114591342,0.012040526807831587,0.08969210174029452,0.1097293343087052,14.822500000000002,8.0089,3.85,2.83,35,34,ATL,Washington Nationals,Atlanta Braves,27556.0,18686.889999999996,166.0,136.7,900,625,900,576,30,24,30,25,162,162,Anibal Sanchez,64,36,8,6,1,18,205,205,6,24,SP,SP,0.5740740740740741,0.5555555555555556,0,0,0,0,UFA,17956,18225,134,135,8000000,1000000,6000000,1000000,10000000,1000000,4994.2489000000005,7216.5025000000005,70.67,84.95,19000000,184550000,2900000,9500000,93,90,13.395600000000002,9.060099999999998,3.66,3.01,1.6129,1.1664,1.27,1.08,1,3,3364,1764,58,42,121,49,11,7,15.89495209964411,15.60727002719233,16.11809565095832
ATL,NYM,6.4,6.4,2018,9,8,2,2704,784,52,28,6,8,900,324,729,324,27,18,30,18,3.7091906721536345,4.903061224489797,1.9259259259259258,2.2142857142857144,0.0031680212891030627,0.003498320181612793,0.05628517823639775,0.05914659907055344,0.011750795014725217,0.017152478033315783,0.10840108401084012,0.13096746937051118,20.793599999999998,37.822500000000005,4.56,6.15,33,32,MIL,Atlanta Braves,New York Mets,2840.89,691.69,53.3,26.3,3481,841,0,0,0,0,59,29,161,162,Anthony Swarzak,16,4,4,2,18,5,215,215,25,9,RP,RP,0.6024844720496895,0.4753086419753086,16,16,4,4,UFA,2704,961,52,31,8000000,5000000,3720463,5500000,8500000,5500000,46.51240000000001,0.0,6.82,0.0,14000000,52210000,89635000,7000000,97,77,0.11560000000000002,0.17639999999999997,-0.34,-0.42,2.1904,2.5600000000000005,1.48,1.6,3,2,729,196,27,14,9,0,3,0,15.89495209964411,15.129358680870123,15.955576721460545
NYY,NYY,6.4,6.4,2017,9,8,5,1444,576,38,24,5,2,324,225,196,196,14,14,18,15,11.559999999999999,9.610000000000001,3.4,3.1,0.0023748997792293162,0.004222044051963229,0.04873294346978557,0.0649772579597141,0.027453841447890898,0.040573843339366644,0.16569200779727095,0.20142949967511373,4.8841,6.0516,2.21,2.46,31,30,CHC,New York Yankees,New York Yankees,3249.0,2631.6899999999996,57.0,51.3,3600,3025,0,0,0,0,60,55,162,162,Aroldis Chapman,4,0,2,0,40,40,218,218,55,54,RP,RP,0.6358024691358025,0.6172839506172839,1369,1024,37,32,UFA,7225,8649,85,93,15000000,15000000,17200000,17200000,17200000,17200000,3961.4435999999996,2417.6889,62.94,49.17,86000000,124555000,14000000,17200000,103,100,2.3104,3.0276,1.52,1.74,1.2321000000000002,1.1025,1.11,1.05,27,27,625,900,25,30,9,9,3,3,16.523560759066484,16.660419941783683,16.660419941783683
PHI,LAA,6.3,6.3,2019,9,8,0,2809,3969,53,63,4,3,1024,576,961,576,31,24,32,24,8.729338842975206,13.573407202216066,2.9545454545454546,3.6842105263157894,0.0015901547604978883,0.001013900007383776,0.039876744607576585,0.0318417965476789,0.013880999717156152,0.01376207766254987,0.11781765452238536,0.11731188201776438,20.702499999999997,10.6276,4.55,3.26,34,33,LAA,Philadelphia Phillies,Los Angeles Angels,3757.6899999999996,4395.69,61.3,66.3,3600,4489,4,0,2,0,60,67,162,162,Blake Parker,9,1,3,1,7,1,225,225,14,10,RP,RP,0.5,0.4938271604938271,100,225,10,15,UFA,4225,4900,65,70,555000,1800000,185008,1800000,555000,1800000,2099.4724,2800.5264,45.82,52.92,0,403000000,42800000,0,81,80,0.09,1.0,0.3,1.0,1.4884,1.5376,1.22,1.24,2,1,484,361,22,19,9,4,3,2,13.226723392728571,12.128154346368744,13.226723392728571
NYM,ATL,6.6,6.6,2019,9,8,0,3249,5184,57,72,6,4,1089,1024,1089,625,33,25,33,32,3.746097814776275,4.591836734693877,1.935483870967742,2.142857142857143,0.004023821525887555,0.0024620448620374,0.06343359934520156,0.049618996987418035,0.015073629025177107,0.011305308039967652,0.12277470841006753,0.10632642211589578,29.920899999999996,12.8881,5.47,3.59,33,32,CHC,New York Mets,Atlanta Braves,2948.49,3931.2900000000004,54.3,62.7,3481,4761,0,0,0,0,59,69,161,162,Brad Brach,16,16,4,4,5,18,215,215,9,24,RP,RP,0.5279503105590062,0.5555555555555556,0,144,0,12,UFA,3600,3600,60,60,555000,5165000,158152,1749447,555000,5165000,535.9224999999999,230.7361,23.15,15.19,0,79000000,2900000,0,85,90,0.1369,0.004900000000000001,-0.37,-0.07,2.6244000000000005,2.5600000000000005,1.62,1.6,2,3,961,784,31,28,25,4,5,2,13.226723392728571,11.971311874875774,13.226723392728571
OAK,OAK,6.4,6.4,2019,9,8,1,32761,8100,181,90,6,3,6400,1764,5776,1600,76,40,80,42,3.3735943356934612,13.071005917159763,1.836734693877551,3.6153846153846154,0.0009569336037139069,0.00032357174808143494,0.030934343434343436,0.017988100179881002,0.0032283057851239666,0.0042294082337981645,0.056818181818181816,0.06503390065033901,15.132100000000001,20.070400000000003,3.89,4.48,31,30,OAK,Oakland Athletics,Oakland Athletics,30976.0,6448.089999999999,176.0,80.3,1024,289,961,289,31,17,32,17,162,162,Brett Anderson,81,25,9,5,15,15,230,230,28,27,SP,SP,0.5987654320987654,0.5987654320987654,0,0,0,0,UFA,8100,2209,90,47,1500000,4000000,1500000,3268817,1500000,4000000,6087.1204,1289.5280999999998,78.02,35.91,1500000,37600000,18000000,1500000,97,97,6.3504000000000005,0.22089999999999999,2.52,0.47,1.7161000000000002,1.6384,1.31,1.28,9,9,2401,169,49,13,169,16,13,4,14.22097566607244,14.22097566607244,14.22097566607244
COL,COL,6.1,6.1,2018,9,8,3,4761,4900,69,70,1,5,1936,1849,1849,1296,43,36,44,43,4.0,3.719387755102041,2.0,1.9285714285714286,0.002002838744093888,0.0032348667137950433,0.044753086419753084,0.05687588868576071,0.008011354976375552,0.012031723644676463,0.08950617283950617,0.10968921389396709,28.944399999999998,35.164899999999996,5.38,5.93,31,30,CLE,Colorado Rockies,Colorado Rockies,5184.0,2992.09,72.0,54.7,4900,3721,1,0,1,0,70,61,161,163,Bryan Shaw,4,36,2,6,1,1,226,226,5,5,RP,RP,0.4347826086956521,0.558282208588957,1,0,1,0,UFA,3364,2916,58,54,8500000,7500000,8500000,7500000,8500000,7500000,34.9281,0.0484,5.91,0.22,27000000,24000000,122500000,9000000,70,91,0.3364,1.1664,0.58,-1.08,1.8496000000000004,3.2041,1.36,1.79,0,0,841,784,29,28,9,16,3,4,15.955576721460545,15.955576721460545,15.955576721460545
TB,HOU,6.5,6.5,2019,9,8,2,23716,16900,154,130,2,2,5041,3969,4356,3364,66,58,71,63,17.728531855955676,9.863525390625,4.2105263157894735,3.140625,0.0010581148011179439,0.0018131844538910647,0.03252867659647321,0.04258150365934797,0.018758821958877677,0.017884390898841043,0.13696284882725562,0.13373253493013973,9.302499999999998,9.796899999999999,3.05,3.13,35,34,HOU,Tampa Bay Rays,Houston Astros,37908.09,27889.0,194.7,167.0,1089,900,1089,900,33,30,33,30,161,162,Charlie Morton,36,9,6,3,1,2,215,215,5,12,SP,SP,0.5962732919254659,0.6358024691358025,0,0,0,0,UFA,57600,40401,240,201,15000000,7000000,15000000,8875000,15000000,8875000,7825.171599999999,6234.681599999999,88.46,78.96,30000000,33500000,23500000,15000000,96,103,25.603599999999997,12.0409,5.06,3.47,1.1664,1.3456,1.08,1.16,0,1,3249,4096,57,64,256,225,16,15,16.523560759066484,16.523560759066484,16.523560759066484
TOR,ARI,6.3,6.3,2019,9,8,1,5184,6400,72,80,5,2,1936,625,1849,484,43,22,44,25,5.94140625,13.555785123966942,2.4375,3.6818181818181817,0.0009079269828096793,0.0006183769702413367,0.030131826741996232,0.024867186616932296,0.005394363050209072,0.00838258533420126,0.07344632768361582,0.09155645981688709,43.03359999999999,4.040099999999999,6.56,2.01,34,33,ARI,Toronto Blue Jays,Arizona Diamondbacks,3481.0,9662.89,59.0,98.3,144,289,144,289,12,17,12,17,161,162,Clay Buchholz,25,4,5,2,2,1,190,190,7,6,SP,SP,0.4099378881987577,0.5061728395061729,0,0,0,0,UFA,1521,6561,39,81,3000000,1500000,3000000,1080645,3000000,1500000,0.0,8671.334400000002,0.0,93.12,3000000,15500000,15750000,3000000,66,82,0.10890000000000001,9.9225,-0.33,3.15,2.2201,1.0816000000000001,1.49,1.04,2,1,256,484,16,22,4,49,2,7,14.914122846632385,14.914122846632385,14.914122846632385
NYY,OAK,6.1,6.1,2019,9,8,1,3025,3136,55,56,5,3,625,576,625,576,25,24,25,24,3.5343999999999998,6.369614512471655,1.88,2.5238095238095237,0.002523159678987881,0.0016582283150268317,0.05023106288929074,0.04072134962187319,0.008917855569414766,0.010562275140386325,0.09443439823186658,0.1027729299980609,16.5649,14.2129,4.07,3.77,33,32,OAK,New York Yankees,Oakland Athletics,3058.0899999999997,3283.2899999999995,55.3,57.3,4356,3844,1,0,1,0,66,62,162,162,Cory Gearrin,9,1,3,1,40,15,205,205,55,27,RP,RP,0.6358024691358025,0.5987654320987654,0,1,0,1,UFA,2209,2809,47,53,1400000,1675000,278499,279155,1400000,1675000,1125.6024999999997,590.9761,33.55,24.31,1400000,124555000,18000000,1400000,103,97,0.4760999999999999,0.010000000000000002,0.69,0.1,2.1025,1.7956000000000003,1.45,1.34,27,9,625,441,25,21,1,4,1,2,14.151982794585487,12.537169747678757,14.151982794585487
CHC,BOS,6.0,6.0,2019,9,8,3,441,961,21,31,5,3,225,361,225,361,15,19,15,19,6.25,9.590010405827263,2.5,3.096774193548387,0.004148936446072903,0.003056766572676662,0.06441223832528181,0.05528803281612271,0.025930852787955646,0.029314423240154125,0.16103059581320453,0.17121455323702517,42.6409,7.507600000000001,6.53,2.74,31,30,BOS,Chicago Cubs,Boston Red Sox,428.48999999999995,3881.2899999999995,20.7,62.3,529,3969,0,0,0,0,23,63,162,162,Craig Kimbrel,16,1,4,1,17,14,215,215,20,24,RP/CL,RP/CL,0.5185185185185185,0.6666666666666666,169,1764,13,42,UFA,900,9216,30,96,10000000,13000000,10000000,13050000,10000000,13050000,0.0,7299.9936,0.0,85.44,43000000,49325000,131000000,14333333,84,108,0.2601,5.289999999999999,-0.51,2.3,2.5600000000000005,1.0,1.6,1.0,3,9,144,961,12,31,0,25,0,5,16.11809565095832,16.11809565095832,16.11809565095832
SD,SD,6.2,6.2,2018,9,8,2,6400,4225,80,65,4,3,1296,625,900,576,30,24,36,25,23.68444444444444,26.795847750865054,4.866666666666666,5.176470588235294,0.0004131138872364333,0.0005716874274263581,0.02032520325203252,0.02390998593530239,0.009784372911479792,0.015318849266400408,0.0989159891598916,0.12376933895921238,10.8241,7.4529,3.29,2.73,35,34,SD,San Diego Padres,San Diego Padres,6724.0,6241.0,82.0,79.0,5776,5329,0,0,0,0,76,73,162,162,Craig Stammen,49,9,7,3,2,2,228,228,5,5,RP,RP,0.4320987654320987,0.4074074074074074,16,0,4,0,UFA,5329,7744,73,88,2250000,2250000,2250000,3250000,2250000,3250000,3507.0083999999997,6702.696900000001,59.22,81.87,4500000,326000000,149500000,2250000,70,66,0.7055999999999999,2.1609,0.84,1.47,1.3456,1.0816000000000001,1.16,1.04,0,0,225,289,15,17,64,64,8,8,14.626440774180603,14.626440774180603,14.626440774180603
ATL,HOU,6.2,6.2,2019,9,8,1,13225,44521,115,211,6,2,2500,8464,2209,7225,47,85,50,92,5.4444444444444455,6.958680142687276,2.3333333333333335,2.6379310344827585,0.0014784150096390034,0.0009911406375560472,0.03845016267376516,0.0314823861477501,0.00804914838581235,0.006897030673171672,0.08971704623878536,0.08304836345872008,14.0625,13.987600000000002,3.75,3.74,31,30,HOU,Atlanta Braves,Houston Astros,12701.29,41902.09,112.7,204.7,361,1156,361,1156,19,34,19,34,161,162,Dallas Keuchel,64,121,8,11,18,2,205,205,25,12,SP,SP,0.6024844720496895,0.6358024691358025,0,0,0,0,UFA,8281,23409,91,153,21210000,13200000,13000000,13200000,21210000,13200000,1658.9328999999998,2995.3729,40.73,54.73,21210000,52210000,23500000,21210000,97,103,4.2025,6.864400000000001,2.05,2.62,1.8769000000000002,1.7161000000000002,1.37,1.31,3,1,1521,3364,39,58,64,144,8,12,16.869983326540865,16.38045991542581,16.869983326540865
WSH,LAD,6.3,6.3,2019,9,8,1,3136,1444,56,38,7,2,625,625,400,441,20,21,25,25,6.914951989026064,5.975308641975309,2.6296296296296298,2.4444444444444446,0.0016888722086695438,0.0018903591682419658,0.0410958904109589,0.043478260869565216,0.011678470238550303,0.011295479474433476,0.1080669710806697,0.10628019323671498,6.100900000000001,16.892100000000003,2.47,4.11,32,31,LAA,Washington Nationals,Los Angeles Dodgers,5329.0,2116.0,73.0,46.0,4761,1600,1,1,1,1,69,40,162,163,Daniel Hudson,9,4,3,2,1,25,215,215,6,32,RP,RP,0.5740740740740741,0.5644171779141104,64,0,8,0,UFA,5041,1936,71,44,1500000,545000,491965,468800,1500000,545000,6350.496099999999,0.0,79.69,0.0,1500000,184550000,4000000,1500000,93,92,1.2100000000000002,0.1444,1.1,-0.38,1.2995999999999999,1.4884,1.14,1.22,1,6,729,324,27,18,81,9,9,3,14.22097566607244,13.10616285473262,14.22097566607244
ATL,ATL,6.4,6.4,2016,9,8,4,9,324,3,18,6,4,1,81,1,64,1,8,1,9,36.0,45.5625,6.0,6.75,0.0004395044148218469,0.0004938271604938272,0.020964360587002098,0.022222222222222223,0.01582215893358649,0.0225,0.12578616352201258,0.15,2.8560999999999996,12.96,1.69,3.6,36,35,BAL,Atlanta Braves,Atlanta Braves,28.09,400.0,5.3,20.0,64,400,0,0,0,0,8,20,161,162,Darren O'Day,0,4,0,2,18,18,220,220,25,24,RP,RP,0.6024844720496895,0.5555555555555556,0,4,0,2,UFA,36,729,6,27,9000000,9000000,9000000,2999994,9000000,9000000,0.0,0.0,0.0,0.0,31000000,52210000,2900000,7750000,97,90,0.0324,0.12249999999999998,0.18,0.35,0.5625,1.2100000000000002,0.75,1.1,3,3,1,16,1,4,0,0,0,0,16.012735135300492,16.012735135300492,16.012735135300492
BOS,BOS,6.5,6.5,2016,9,8,7,11881,22801,109,151,1,3,3249,5625,2601,4900,51,70,57,75,16.0,12.531600000000001,4.0,3.54,0.0010980332562318831,0.0009963906744209776,0.033136584860722795,0.03156565656565657,0.01756853209971013,0.01248636937557392,0.13254633944289118,0.11174242424242424,18.3184,12.8164,4.28,3.58,33,32,TOR,Boston Red Sox,Boston Red Sox,11513.289999999999,30976.0,107.3,176.0,484,900,484,900,22,30,22,30,161,162,David Price,25,49,5,7,14,14,215,215,24,24,SP,SP,0.515527950310559,0.6666666666666666,0,0,0,0,UFA,16384,31329,128,177,31000000,30000000,31000000,30000000,31000000,30000000,169.5204,1646.7363999999998,13.02,40.58,217000000,68000000,131000000,31000000,83,108,3.3489000000000004,19.5364,1.83,4.42,1.7161000000000002,1.2995999999999999,1.31,1.14,9,9,1024,2500,32,50,49,256,7,16,17.24949776244942,17.24949776244942,17.24949776244942
CHC,SF,6.2,6.2,2019,9,8,1,6724,23716,82,154,5,2,3721,5476,3249,4624,57,68,61,74,3.320493827160494,6.36244152372466,1.8222222222222222,2.5223880597014925,0.003517911092536541,0.0018886429445792178,0.05931198102016608,0.043458519815787765,0.011681202067267015,0.012016380294080427,0.1080796098589693,0.10961925147564376,36.9664,12.7449,6.08,3.57,32,31,SF,Chicago Cubs,San Francisco Giants,7106.49,29343.690000000002,84.3,171.3,2809,1369,64,900,8,30,53,37,162,162,Derek Holland,25,81,5,9,17,23,213,213,20,26,RP,RP,0.5185185185185185,0.4506172839506173,0,0,0,0,UFA,6724,28561,82,169,6500000,1750000,475000,1750000,6500000,1750000,5.3361,0.0,2.31,0.0,7000000,49325000,11500000,7000000,84,73,0.6723999999999999,4.494400000000001,-0.82,2.12,2.2801,1.6641000000000001,1.51,1.29,3,8,2025,4489,45,67,4,49,2,7,15.687312734865866,13.071070083016778,15.687312734865866
MIL,BOS,6.5,6.5,2019,9,8,1,11025,7569,105,87,5,3,3364,2809,3136,2500,56,50,58,53,9.694731404958679,2.25,3.1136363636363638,1.5,0.0022098034918547737,0.004364725085445806,0.04700854700854701,0.06606606606606606,0.021423451311271827,0.009820631442253064,0.14636752136752137,0.0990990990990991,23.522499999999997,36.9664,4.85,6.08,30,29,BOS,Milwaukee Brewers,Boston Red Sox,10816.0,5476.0,104.0,74.0,2116,676,324,121,18,11,46,26,161,162,Drew Pomeranz,100,36,10,6,1,14,246,246,6,24,RP,SP,0.5527950310559007,0.6666666666666666,4,0,2,0,UFA,18769,4356,137,66,1500000,8500000,491965,8500000,1500000,8500000,0.0,2.6569,0.0,1.63,1500000,31900000,131000000,1500000,89,108,0.1296,0.2304,-0.36,-0.48,2.0448999999999997,3.1329000000000002,1.43,1.77,0,9,1936,1936,44,44,4,4,2,2,14.22097566607244,13.10616285473262,14.22097566607244
SD,LAA,6.2,6.2,2019,9,8,2,100,4096,10,64,4,3,64,1849,64,961,8,31,8,43,3.3611111111111107,6.547577854671279,1.8333333333333333,2.5588235294117645,0.0058719044053962815,0.002451453948642337,0.07662835249042146,0.049512159603902726,0.01973612314035972,0.016051085585877034,0.140485312899106,0.12669287898645698,69.05610000000001,13.395600000000002,8.31,3.66,31,30,LAA,San Diego Padres,Los Angeles Angels,75.68999999999998,5821.69,8.7,76.3,9,256,9,256,3,16,3,16,162,162,Garrett Richards,1,16,1,4,2,1,210,210,5,10,SP,SP,0.4320987654320987,0.4938271604938271,0,0,0,0,UFA,121,7569,11,87,7000000,7300000,7000000,7300000,7000000,7300000,0.0,0.0,0.0,0.0,15500000,326000000,42800000,7750000,70,80,0.0576,0.0121,-0.24,0.11,3.4225000000000003,1.6384,1.85,1.28,0,1,36,1156,6,34,0,25,0,5,15.761420707019587,15.761420707019587,15.761420707019587
MIL,WSH,6.0,6.0,2019,9,8,1,5776,27889,76,167,5,5,1296,7056,1156,6400,34,80,36,84,4.4441197954711456,3.4225000000000003,2.108108108108108,1.85,0.0022176343595245998,0.0027021081932564663,0.04709176530482373,0.05198180636777128,0.009855432756280251,0.009247965291420256,0.09927453226422299,0.09616634178037686,12.25,17.7241,3.5,4.21,33,32,NYY,Milwaukee Brewers,Washington Nationals,7621.289999999999,29241.0,87.3,171.0,361,1024,289,1024,17,32,19,32,161,162,Gio Gonzalez,4,121,2,11,1,1,205,205,6,5,SP,SP,0.5527950310559007,0.5061728395061729,0,0,0,0,UFA,6084,21904,78,148,2000000,12000000,1709677,1999996,2000000,12000000,3717.3408999999997,1816.4643999999998,60.97,42.62,2000000,31900000,23300000,2000000,89,82,3.5343999999999998,2.25,1.88,1.5,1.6641000000000001,2.0736,1.29,1.44,0,0,1369,6400,37,80,9,100,3,10,14.508657738524219,14.3518150217482,14.508657738524219
HOU,HOU,6.3,6.3,2018,9,8,2,3136,3364,56,58,3,2,625,484,625,441,25,21,25,22,5.76,11.2225,2.4,3.35,0.001340286336762556,0.0014186359106401238,0.036609921288669224,0.03766478342749529,0.007720049299752323,0.015920641507158793,0.08786381109280614,0.12617702448210924,13.7641,10.240000000000002,3.71,3.2,31,30,CHC,Houston Astros,Houston Astros,3684.4900000000002,3481.0,60.7,59.0,3844,3969,1,0,1,0,62,63,161,162,Hector Rondon,4,25,2,5,3,2,230,230,13,12,RP,RP,0.6583850931677019,0.6358024691358025,0,225,0,15,UFA,2304,4489,48,67,4500000,4000000,4500000,4000000,4500000,4000000,870.25,2411.7921,29.5,49.11,8500000,42250000,23500000,4250000,106,103,0.6889,0.8281000000000001,0.83,0.91,1.5625,1.7424000000000002,1.25,1.32,1,1,400,400,20,20,9,4,3,2,15.319587954740548,15.319587954740548,15.319587954740548
WSH,SF,6.3,6.3,2019,9,8,1,484,1849,22,43,7,2,225,625,225,400,15,20,15,25,5.0625,3.1043083900226756,2.25,1.7619047619047619,0.0013380810120241211,0.0026531216683695377,0.036579789666209415,0.051508462104488596,0.006774035123372115,0.008236107854870516,0.0823045267489712,0.09075300466028943,30.8025,15.760900000000001,5.55,3.97,30,29,SF,Washington Nationals,San Francisco Giants,590.49,2052.0899999999997,24.3,45.3,784,2401,0,0,0,0,28,49,162,162,Hunter Strickland,1,25,1,5,1,23,225,225,6,26,RP,RP,0.5740740740740741,0.4506172839506173,4,225,2,15,UFA,324,1369,18,37,1300000,1550000,419355,1550000,1375000,1550000,0.0,1073.8729000000003,0.0,32.77,1300000,184550000,11500000,1300000,93,73,0.028900000000000006,0.18489999999999998,-0.17,-0.43,1.5129,1.9880999999999998,1.23,1.41,1,8,64,441,8,21,4,9,2,3,14.077874822431765,12.946473095555975,14.133964289082808
KC,KC,6.0,6.0,2016,9,8,5,4096,15625,64,125,5,6,576,4356,576,3844,24,62,24,66,18.439446366782004,6.890625,4.294117647058823,2.625,0.0008904415231184041,0.0013786266292124833,0.029840266807091457,0.037129861691265205,0.016419248708297494,0.009499599116917268,0.12813761628927509,0.09746588693957116,11.628100000000002,21.715600000000002,3.41,4.66,34,33,SD,Kansas City Royals,Kansas City Royals,4006.8899999999994,14328.09,63.3,119.7,3969,484,0,484,0,22,63,22,162,162,Ian Kennedy,4,81,2,9,4,4,205,205,9,9,RP,SP,0.3580246913580246,0.4938271604938271,900,0,30,0,UFA,5329,11025,73,105,16500000,16000000,16500000,16000000,16500000,16000000,2342.56,188.5129,48.4,13.73,70000000,15700000,16775000,14000000,58,80,1.9880999999999998,0.24009999999999998,1.41,0.49,1.6384,1.9043999999999996,1.28,1.38,2,2,289,1600,17,40,9,9,3,3,16.61887093887081,16.61887093887081,16.61887093887081
NYY,NYY,6.5,6.5,2019,9,8,2,25600,22500,160,150,5,2,7744,6561,7744,5184,88,72,88,81,8.16326530612245,14.321030372933485,2.857142857142857,3.784313725490196,0.001139300810665435,0.001016905222427609,0.03375353034373493,0.03188895141624461,0.009300414780942325,0.014563130576780471,0.09643865812495694,0.1206777965359845,24.1081,13.3225,4.91,3.65,36,35,NYY,New York Yankees,New York Yankees,26017.690000000002,31577.289999999997,161.3,177.7,1024,961,841,961,29,31,32,31,162,162,J.A. Happ,64,36,8,6,40,40,205,205,55,54,SP,SP,0.6358024691358025,0.6172839506172839,0,0,0,0,UFA,19600,37249,140,193,17000000,13000000,17000000,4612872,17000000,13000000,536.3856,3245.5809,23.16,56.97,34000000,124555000,14000000,17000000,103,100,1.4641,1.3923999999999999,1.21,1.18,1.6641000000000001,1.2768999999999997,1.29,1.13,27,27,2401,2601,49,51,144,289,12,17,16.64872390202049,16.64872390202049,16.64872390202049
PHI,PHI,6.4,6.4,2018,9,8,3,22201,27225,149,165,4,4,5776,8649,4900,5776,70,76,76,93,4.652056901191849,5.861495844875346,2.156862745098039,2.4210526315789473,0.0017437958428993211,0.0013448691064231431,0.04175878162613609,0.03667245705462266,0.008112237485229443,0.007882944679200475,0.09006796037009744,0.08878594865856013,21.5296,15.6816,4.64,3.96,33,32,CHC,Philadelphia Phillies,Philadelphia Phillies,18414.489999999998,29825.289999999997,135.7,172.7,576,961,576,961,24,31,24,31,162,162,Jake Arrieta,64,121,8,11,7,7,230,230,14,14,SP,SP,0.5,0.4938271604938271,0,0,0,0,UFA,12100,19044,110,138,25000000,30000000,25000000,30000000,25000000,30000000,279.2241,1051.7049,16.71,32.43,75000000,403000000,169200000,25000000,81,80,0.81,8.7616,0.9,2.96,2.1609,1.6641000000000001,1.47,1.29,2,2,2601,3249,51,57,64,100,8,10,17.034386382832476,17.034386382832476,17.034386382832476
OAK,ARI,6.4,6.4,2019,9,8,1,2304,2401,48,49,6,2,1156,1089,1024,784,32,28,34,33,4.42077580539119,4.532778355879292,2.1025641025641026,2.129032258064516,0.00504643315715608,0.004176225595100196,0.07103825136612021,0.06462372316030852,0.022309149604679484,0.01892990498673929,0.1493624772313297,0.13758599124452783,22.278399999999998,22.372900000000005,4.72,4.73,32,31,ARI,Oakland Athletics,Arizona Diamondbacks,3721.0,2840.89,61.0,53.3,5625,5041,0,0,0,0,75,71,162,162,Jake Diekman,49,4,7,2,15,1,195,195,28,6,RP,RP,0.5987654320987654,0.5061728395061729,0,4,0,2,UFA,6724,4356,82,66,2250000,2712500,786305,904146,2250000,2712500,430.97760000000005,420.25,20.76,20.5,2750000,37600000,15750000,2750000,97,82,0.0256,0.5929,0.16,0.77,2.0448999999999997,2.25,1.43,1.5,9,1,1521,961,39,31,1,1,1,1,14.626440774180603,13.575100036855485,14.626440774180603
COL,COL,6.4,6.4,2018,9,8,3,2209,3481,47,59,1,5,625,1521,400,1369,20,37,25,39,10.12396694214876,8.62890625,3.1818181818181817,2.9375,0.0008757905366706888,0.001200936974780652,0.02959375840731773,0.03465453757851419,0.008866474441500774,0.010362772567540859,0.09416195856873823,0.10179770413688542,19.009600000000002,42.1201,4.36,6.49,32,31,COL,Colorado Rockies,Colorado Rockies,1705.6899999999998,2631.6899999999996,41.3,51.3,2025,3721,0,0,0,0,45,61,161,163,Jake McGee,4,16,2,4,1,1,229,229,5,5,RP,RP,0.4347826086956521,0.558282208588957,0,1,0,1,UFA,1225,2209,35,47,8500000,7000000,8500000,7000000,8500000,7000000,0.0,0.06760000000000001,0.0,0.26,27000000,24000000,122500000,9000000,70,91,0.1521,0.6723999999999999,0.39,-0.82,1.9599999999999997,2.1315999999999997,1.4,1.46,0,0,121,256,11,16,0,4,0,2,15.955576721460545,15.955576721460545,15.955576721460545
PHI,CIN,0.0,0.0,2018,9,8,2,3249,3249,57,57,4,3,1369,289,1024,289,32,17,37,17,4.0,6.580340264650283,2.0,2.5652173913043477,0.0017703675873233817,0.0010544383392663925,0.0420757363253857,0.03247211633488634,0.007081470349293527,0.0069385630604656195,0.0841514726507714,0.08329803755470845,16.3216,3.8024999999999998,4.04,1.95,33,32,MIL,Philadelphia Phillies,Cincinnati Reds,5083.69,6193.6900000000005,71.3,78.7,5184,5184,0,0,0,0,72,72,162,162,Jared Hughes,25,9,5,3,7,10,240,240,14,15,RP,RP,0.5,0.4135802469135802,1,49,1,7,UFA,2916,3481,54,59,2125000,2125000,525550,2875000,2125000,2875000,1156.0,9347.022400000002,34.0,96.68,4500000,403000000,10250000,2250000,81,67,0.0025000000000000005,11.0889,0.05,3.33,1.3923999999999999,1.0404,1.18,1.02,2,5,729,529,27,23,25,16,5,4,14.569282360340654,13.172200612251501,14.569282360340654
PHI,NYM,6.0,6.0,2018,9,8,2,19881,10000,141,100,4,8,7056,3600,5625,3481,75,59,84,60,3.8740236835474926,7.839999999999999,1.9682539682539681,2.8,0.0021865150920857526,0.0013127494223902543,0.04676018704074816,0.036231884057971016,0.008470611251174234,0.010291955471539594,0.09203592369925036,0.10144927536231885,20.3401,33.292899999999996,4.51,5.77,36,35,KC,Philadelphia Phillies,New York Mets,22410.089999999997,8464.0,149.7,92.0,900,441,841,400,29,20,30,21,162,162,Jason Vargas,81,81,9,9,7,5,215,215,14,9,SP,SP,0.5,0.4753086419753086,0,0,0,0,UFA,15376,7056,124,84,8000000,6000000,8000000,6000000,8000000,6000000,1628.9296,154.75359999999998,40.36,12.44,16000000,403000000,89635000,8000000,81,77,2.6244000000000005,0.0961,1.62,-0.31,1.8496000000000004,1.9880999999999998,1.36,1.41,2,2,3969,900,63,30,49,36,7,6,15.89495209964411,15.89495209964411,15.89495209964411
SF,SF,0.0,0.0,2016,9,8,5,23104,2209,152,47,2,2,6084,1024,5041,961,71,31,78,32,8.16326530612245,1.3313609467455618,2.857142857142857,1.1538461538461537,0.0009018027036045054,0.004176828377273136,0.03003003003003003,0.06462838677603779,0.007361654723302085,0.00556086618276009,0.0858000858000858,0.07457121551081282,12.3904,39.0625,3.52,6.25,34,33,CHW,San Francisco Giants,San Francisco Giants,32869.69,1998.0900000000001,181.3,44.7,1024,100,1024,100,32,10,32,10,161,162,Jeff Samardzija,144,25,12,5,23,23,240,240,26,26,SP,SP,0.4782608695652174,0.4506172839506173,0,0,0,0,UFA,19600,900,140,30,18000000,18000000,19800000,19800000,19800000,19800000,3435.1321,0.0,58.61,0.0,90000000,8500000,11500000,18000000,77,73,8.468100000000002,0.43560000000000004,2.91,-0.66,1.2321000000000002,2.6569,1.11,1.63,8,8,2401,676,49,26,121,1,11,1,16.70588231586044,16.801192495664765,16.801192495664765
WSH,WSH,6.1,6.1,2019,9,8,1,2209,6084,47,78,7,5,961,1681,729,1225,27,35,31,41,2.25,10.5625,1.5,3.25,0.0032467268934505402,0.0005924250547870988,0.05698005698005698,0.024339783375927956,0.007305135510263716,0.006257489641188731,0.08547008547008547,0.07910429597176585,38.812900000000006,11.902500000000002,6.23,3.45,32,31,WSH,Washington Nationals,Washington Nationals,1521.0,8335.689999999999,39.0,91.3,81,361,64,361,8,19,9,19,162,162,Jeremy Hellickson,9,9,3,3,1,1,190,190,6,5,RP,SP,0.5740740740740741,0.5061728395061729,0,0,0,0,UFA,900,4225,30,65,1300000,2000000,1900000,2000000,1900000,2000000,0.0,4407.6321,0.0,66.39,1300000,184550000,23300000,1300000,93,82,0.1296,2.8223999999999996,-0.36,1.68,2.9583999999999997,1.1449,1.72,1.07,1,0,400,400,20,20,4,25,2,5,14.077874822431765,14.457364444136669,14.457364444136669
TEX,CHC,6.2,6.2,2019,9,8,2,6724,7056,82,84,6,7,2304,784,1764,729,42,27,48,28,10.710743801652894,29.287197231833915,3.272727272727273,5.411764705882353,0.0009821348852687886,0.00039285023982011866,0.03133903133903134,0.01982045004080681,0.010519395134779749,0.011505482456185068,0.10256410256410256,0.10726361198554274,23.522499999999997,6.5024999999999995,4.85,2.55,35,34,CHC,Texas Rangers,Chicago Cubs,6084.0,9082.09,78.0,95.3,2304,3969,81,0,9,0,48,63,162,163,Jesse Chavez,25,9,5,3,2,17,175,175,8,20,RP,RP,0.4814814814814814,0.5828220858895705,1,25,1,5,UFA,5184,8464,72,92,4000000,1000000,4000000,397824,4000000,1500000,0.0,7039.210000000001,0.0,83.9,8000000,47250000,215545000,4000000,78,95,0.5041,1.3688999999999998,0.71,1.17,1.7689000000000001,1.1236000000000002,1.33,1.06,0,3,484,289,22,17,9,25,3,5,15.201804919084164,15.201804919084164,15.201804919084164
NYM,OAK,6.3,6.3,2019,9,8,3,3844,3600,62,60,6,3,1521,676,1444,625,38,25,39,26,2.25,8.786989795918368,1.5,2.9642857142857144,0.006049382716049383,0.001867093430879439,0.07777777777777778,0.043209876543209874,0.013611111111111112,0.01640613092516385,0.11666666666666667,0.12808641975308643,32.49,9.796899999999999,5.7,3.13,29,28,OAK,New York Mets,Oakland Athletics,3600.0,5184.0,60.0,72.0,4356,4900,0,0,0,0,66,70,161,162,Jeurys Familia,4,36,2,6,5,15,240,240,9,27,RP,RP,0.5279503105590062,0.5987654320987654,0,324,0,18,UFA,3969,6889,63,83,6000000,7925000,6666666,3067776,6666666,7925000,2.0164,3946.3524,1.42,62.82,30000000,79000000,18000000,10000000,85,97,0.1936,1.2768999999999997,-0.44,1.13,2.9929,1.4884,1.73,1.22,2,9,1764,784,42,28,16,64,4,8,15.60727002719233,15.71263044285015,15.71263044285015
BOS,MIL,6.3,6.3,2018,9,8,2,13225,23409,115,153,1,5,5329,6889,4761,5625,69,75,73,83,4.820888468809073,4.827613568736362,2.1956521739130435,2.1971830985915495,0.0024481047775886974,0.0016759777520719166,0.0494783263418307,0.040938707259413024,0.011802040092713755,0.00809097293680265,0.10863719479401958,0.08994983566856946,36.1201,12.25,6.01,3.5,31,30,SD,Boston Red Sox,Milwaukee Brewers,10670.89,37133.28999999999,103.3,192.7,625,1296,576,1225,24,35,25,36,161,163,Jhoulys Chacin,144,64,12,8,14,1,215,215,24,5,SP,SP,0.515527950310559,0.588957055214724,0,0,0,0,UFA,10201,24336,101,156,555000,8000000,86536,8750000,555000,8750000,117.7225,4904.2009,10.85,70.03,15500000,68000000,103750000,7750000,83,96,0.4489000000000001,3.9204,-0.67,1.98,2.4336,1.3456,1.56,1.16,9,0,2116,5041,46,71,9,225,3,15,13.226723392728571,11.368315791310126,13.226723392728571
OAK,MIL,6.3,6.3,2019,9,8,2,2601,2809,51,53,6,5,1089,576,1089,441,33,21,33,24,15.602500000000001,21.97265625,3.95,4.6875,0.0010372341115182254,0.0008577832555280359,0.0322061191626409,0.02928793703093538,0.016183445224963115,0.018847776610723444,0.12721417069243157,0.13728720483250959,18.49,9.7344,4.3,3.12,35,34,MIL,Oakland Athletics,Milwaukee Brewers,4761.0,3684.4900000000002,69.0,60.7,5041,4356,0,0,0,0,71,66,162,163,Joakim Soria,16,16,4,4,15,1,205,205,28,5,RP/CL,RP/CL,0.5987654320987654,0.588957055214724,1,256,1,16,UFA,6241,5625,79,75,6500000,9000000,6500000,2838710,6500000,9000000,775.0656,1940.4024999999997,27.84,44.05,15000000,37600000,103750000,7500000,97,96,0.1369,1.0816000000000001,0.37,1.04,1.0609,1.2995999999999999,1.03,1.14,9,0,400,256,20,16,4,9,2,3,15.687312734865866,15.687312734865866,15.687312734865866
LAD,BOS,6.1,6.1,2019,9,8,3,2401,3249,49,57,3,3,961,1156,676,1024,26,32,31,34,7.942148760330579,4.515625,2.8181818181818183,2.125,0.00227052146794467,0.0029287627930661194,0.047649989170457006,0.05411804498562489,0.018032819261940728,0.013225194487439196,0.13428633311674248,0.1150008455944529,20.793599999999998,19.2721,4.56,4.39,31,30,BOS,Los Angeles Dodgers,Boston Red Sox,2631.6899999999996,4316.490000000001,51.3,65.7,3025,5329,0,0,0,0,55,73,161,162,Joe Kelly,16,4,4,2,25,14,174,174,33,24,RP,RP,0.6521739130434783,0.6666666666666666,1,4,1,2,UFA,3844,4624,62,68,3000000,3825000,3000000,3825000,3000000,3825000,75.3424,925.3764000000001,8.68,30.42,25000000,85000000,131000000,8333333,105,108,0.28090000000000004,0.2116,-0.53,0.46,1.9043999999999996,1.8496000000000004,1.38,1.36,6,9,484,1024,22,32,25,16,5,4,14.914122846632385,14.914122846632385,14.914122846632385
HOU,HOU,6.2,6.2,2018,9,8,2,361,1156,19,34,3,2,36,400,25,361,5,19,6,20,19.360000000000003,14.694444444444446,4.4,3.8333333333333335,0.0004938271604938272,0.0008512263778029952,0.022222222222222223,0.029175784099197664,0.009560493827160494,0.012508298718271794,0.09777777777777778,0.11184050571359105,3.24,14.0625,1.8,3.75,35,34,CLE,Houston Astros,Houston Astros,625.0,2088.4900000000002,25.0,45.7,784,3136,0,0,0,0,28,56,161,162,Joe Smith,0,1,0,1,3,2,211,211,13,12,RP,RP,0.6583850931677019,0.6358024691358025,0,0,0,0,UFA,484,2116,22,46,8000000,7000000,8000000,7000000,8000000,7000000,0.0,550.8408999999999,0.0,23.47,15000000,42250000,23500000,7500000,106,103,0.48999999999999994,0.17639999999999997,0.7,0.42,0.9216,1.0201,0.96,1.01,1,1,25,144,5,12,1,25,1,5,15.89495209964411,15.89495209964411,15.89495209964411
CHC,CHC,6.4,6.4,2015,9,8,6,42025,30276,205,174,5,7,10201,5625,7225,4489,85,67,101,75,10.068417159763312,5.420166015625,3.173076923076923,2.328125,0.0011323510263558094,0.0015316695356115953,0.033650423865916004,0.039136549868525654,0.01140098250463643,0.008301903164090097,0.10677538342069501,0.0911147801626613,19.8916,11.0224,4.46,3.32,35,34,OAK,Chicago Cubs,Chicago Cubs,29480.889999999996,33014.89,171.7,181.7,1024,1156,961,1024,31,32,32,34,162,163,Jon Lester,100,36,10,6,17,17,240,240,20,20,SP,SP,0.5185185185185185,0.5828220858895705,0,0,0,0,UFA,27225,22201,165,149,22500000,22500000,27500000,27500000,27500000,27500000,370.9476000000001,1894.8609000000001,19.26,43.53,155000000,49325000,215545000,25833333,84,95,1.5876000000000001,11.4921,1.26,3.39,2.25,1.7161000000000002,1.5,1.31,3,3,2704,4096,52,64,169,324,13,18,16.929025867174648,17.1296965626368,17.1296965626368
MIL,MIL,6.5,6.5,2019,9,8,1,17161,6889,131,83,5,5,5184,1764,4225,1600,65,40,72,42,7.046611570247935,9.0,2.6545454545454548,3.0,0.0018784607923316573,0.001258438096298412,0.04334121355397951,0.03547447105029773,0.013236783553501358,0.011325942866685704,0.11505122143420016,0.10642341315089318,17.222500000000004,16.892100000000003,4.15,4.11,28,27,MIL,Milwaukee Brewers,Milwaukee Brewers,19881.0,7691.290000000001,141.0,87.7,784,1369,784,81,28,9,28,37,161,163,Jordan Lyles,64,16,8,4,1,1,230,230,6,5,SP,SP,0.5527950310559007,0.588957055214724,0,0,0,0,UFA,21316,7056,146,84,2050000,750000,694386,229824,2050000,750000,2514.0196,812.25,50.14,28.5,2050000,31900000,103750000,2050000,89,96,0.0121,0.04000000000000001,0.11,0.2,1.7424000000000002,1.6129,1.32,1.27,0,0,3025,784,55,28,144,9,12,3,14.53335035111459,13.450783280834713,14.53335035111459
DET,DET,6.2,6.2,2016,9,8,5,21025,19600,145,140,4,3,7921,5776,7396,4356,86,66,89,76,10.758399999999998,18.226331360946745,3.28,4.269230769230769,0.0006151187326782564,0.00048409681452193617,0.0248015873015873,0.022002200220022,0.006617693373645755,0.008823308952255585,0.08134920634920635,0.09393247017009393,47.7481,20.430399999999995,6.91,4.52,33,32,WSH,Detroit Tigers,Detroit Tigers,12544.0,17239.690000000002,112.0,131.3,529,625,529,625,23,25,23,25,161,162,Jordan Zimmermann,169,64,13,8,11,11,225,225,16,16,SP,SP,0.2919254658385093,0.3950617283950617,0,0,0,0,UFA,6724,12321,82,111,25000000,24000000,25000000,24000000,25000000,24000000,1.44,69.5556,1.2,8.34,110000000,15500000,11750000,22000000,47,64,0.11560000000000002,0.3844,-0.34,0.62,2.3104,1.5876000000000001,1.52,1.26,4,4,625,676,25,26,1,49,1,7,17.034386382832476,17.034386382832476,17.034386382832476
PHI,SEA,0.0,0.0,2018,9,8,2,3249,2809,57,53,4,3,729,900,625,784,25,28,27,30,4.591836734693877,112.36,2.142857142857143,10.6,0.002433499655585304,0.0001749671061840374,0.04933051444679352,0.013227513227513227,0.011174233112381499,0.01965930405083844,0.10570824524312897,0.1402116402116402,22.5625,36.0,4.75,6.0,32,31,STL,Philadelphia Phillies,Seattle Mariners,2237.2899999999995,1764.0,47.3,42.0,2209,2116,0,0,0,0,47,46,162,162,Juan Nicasio,9,36,3,6,7,0,252,252,14,4,RP,RP,0.5,0.5493827160493827,1,1,1,1,UFA,2025,2809,45,53,9000000,7500000,9250000,7750000,9250000,7750000,0.0,0.0,0.0,0.0,17000000,403000000,17750000,8500000,81,89,0.004900000000000001,1.2100000000000002,-0.07,-1.1,2.7224999999999997,1.9043999999999996,1.65,1.38,2,0,441,25,21,5,4,1,2,1,16.012735135300492,16.04013410948861,16.04013410948861
NYM,CHC,6.2,6.2,2019,9,8,2,1089,2025,33,45,6,7,144,484,121,441,11,21,12,22,5.362880886426593,4.37190082644628,2.3157894736842106,2.090909090909091,0.0029301710213391124,0.00449332889199337,0.05413105413105413,0.06703229737964655,0.015714158164300617,0.019644388296400764,0.12535612535612536,0.1401584399756246,6.4516,11.9716,2.54,3.46,31,30,CHC,New York Mets,Chicago Cubs,1521.0,2992.09,39.0,54.7,2025,5041,0,0,0,0,45,71,161,163,Justin Wilson,4,25,2,5,5,17,205,205,9,20,RP,RP,0.5279503105590062,0.5828220858895705,16,0,4,0,UFA,1936,4761,44,69,5000000,4250000,5000000,4250000,5000000,4250000,0.0,735.4944,0.0,27.12,10000000,79000000,215545000,5000000,85,95,1.5625,0.5476,1.25,0.74,1.7689000000000001,2.0448999999999997,1.33,1.43,2,3,361,1089,19,33,16,16,4,4,15.424948470398375,15.424948470398375,15.424948470398375
CHW,WSH,0.0,0.0,2019,9,8,2,3600,1849,60,43,3,5,1296,144,1225,144,35,12,36,12,5.310018903591683,14.44,2.3043478260869565,3.8,0.002481623670542832,0.0006290823908578223,0.049815897769114145,0.02508151492350138,0.013177468602183013,0.009083949723986956,0.11479315572882824,0.09530975670930525,37.6996,5.9536,6.14,2.44,29,28,WSH,Chicago White Sox,Washington Nationals,2631.6899999999996,1962.4899999999998,51.3,44.3,3249,2304,0,0,0,0,57,48,161,162,Kelvin Herrera,9,9,3,3,6,1,200,200,9,5,RP,RP,0.4472049689440994,0.5061728395061729,1,289,1,17,UFA,2809,1444,53,38,8500000,7937500,8500000,4480875,8500000,7937500,4.4521,0.0,2.11,0.0,18000000,24500000,23300000,9000000,72,82,0.1521,2.0736,-0.39,1.44,2.6244000000000005,1.44,1.62,1.2,3,0,529,100,23,10,9,4,3,2,15.955576721460545,15.955576721460545,15.955576721460545
LAD,LAD,6.5,6.5,2017,9,8,5,2601,2916,51,54,3,2,784,784,676,576,26,24,28,28,25.0,23.266435986159166,5.0,4.823529411764706,0.0007962947410331302,0.0006940240375825781,0.02821869488536155,0.026344335967766926,0.019907368525828254,0.016147465843270783,0.14109347442680775,0.1270726793739346,13.7641,9.060099999999998,3.71,3.01,31,30,LAD,Los Angeles Dodgers,Los Angeles Dodgers,3969.0,5140.89,63.0,71.7,3844,4761,0,0,0,0,62,69,161,163,Kenley Jansen,9,25,3,5,25,25,265,265,33,32,RP/CL,RP/CL,0.6521739130434783,0.5644171779141104,1156,1444,34,38,UFA,6400,6724,80,82,18000000,10000000,19333334,11333333,19333334,11333333,691.69,385.33689999999996,26.3,19.63,80000000,85000000,4000000,16000000,105,92,0.028900000000000006,0.30250000000000005,0.17,0.55,1.1236000000000002,0.9801,1.06,0.99,6,6,256,289,16,17,25,1,5,1,16.70588231586044,16.77734131432534,16.77734131432534
TEX,NYY,6.5,6.5,2019,9,8,3,38025,26569,195,163,6,2,7921,7569,7225,6889,85,83,89,87,17.384659580580298,4.487707756232687,4.169491525423729,2.1184210526315788,0.0009904680355264978,0.002904050556744854,0.031471702139008906,0.053889243423385094,0.017218949623074277,0.013032530207995736,0.1312209953592575,0.11416010777848686,13.4689,22.752899999999997,3.67,4.77,32,31,NYY,Texas Rangers,New York Yankees,43388.89000000001,24554.889999999996,208.3,156.7,1089,961,1089,841,33,29,33,31,162,162,Lance Lynn,121,100,11,10,2,40,270,270,8,54,SP,SP,0.4814814814814814,0.6172839506172839,0,0,0,0,UFA,60516,25921,246,161,8000000,12000000,9333333,1999996,9333333,12000000,8994.625600000001,412.49609999999996,94.84,20.31,30000000,47250000,14000000,10000000,78,100,57.9121,0.10890000000000001,7.61,0.33,1.4884,2.3409,1.22,1.53,0,27,3481,5776,59,76,256,100,16,10,15.89495209964411,16.049102743757082,16.049102743757082
ATL,SF,6.1,6.1,2017,9,8,4,5041,2304,71,48,6,2,784,324,729,196,27,14,28,18,14.271604938271604,4.903061224489797,3.7777777777777777,2.2142857142857144,0.000883140624689521,0.0015908961777907646,0.02971768202080238,0.039886039886039885,0.012603834100507241,0.007800261361514922,0.11226679874525344,0.08831908831908832,13.0321,10.4329,3.61,3.23,34,33,WSH,Atlanta Braves,San Francisco Giants,4529.29,1521.0,67.3,39.0,4489,1681,0,0,0,0,67,41,161,162,Mark Melancon,4,16,2,4,18,23,215,215,25,26,RP/CL,RP/CL,0.6024844720496895,0.4506172839506173,144,9,12,3,UFA,4624,961,68,31,14000000,10000000,4591409,20000000,19000000,20000000,290.70250000000004,0.0,17.05,0.0,62000000,52210000,11500000,15500000,97,73,0.3364,0.0025000000000000005,0.58,0.05,1.7424000000000002,2.5281000000000002,1.32,1.59,3,8,324,196,18,14,25,1,5,1,16.454567887579532,15.339697506608122,16.759949537130716
MIN,TEX,6.0,6.0,2019,9,8,1,33856,13456,184,116,4,4,10816,4624,8836,3481,94,59,104,68,4.059924259300511,2.0864197530864197,2.014925373134328,1.4444444444444444,0.0020282378328581024,0.0021989832451220375,0.045035961551388046,0.04689331770222744,0.008234491981251708,0.0045880020793286945,0.09074410163339383,0.06773479223655074,26.2144,38.688399999999994,5.12,6.22,28,27,TEX,Minnesota Twins,Texas Rangers,27324.090000000004,7276.089999999999,165.3,85.3,1024,484,841,225,29,15,32,22,162,162,Martin Perez,49,49,7,7,6,2,200,200,16,8,SP,SP,0.6234567901234568,0.4135802469135802,0,0,0,0,UFA,18225,2704,135,52,3500000,6000000,3500000,6000000,3500000,6000000,1052.3536,11.1556,32.44,3.34,4000000,46800000,35000000,4000000,101,67,0.0529,0.7395999999999999,0.23,-0.86,2.3104,3.1684,1.52,1.78,3,0,4489,1296,67,36,100,4,10,2,15.068273526459642,15.068273526459642,15.068273526459642
MIL,MIL,6.1,6.1,2018,9,8,2,2809,2025,53,45,5,5,1156,841,1156,784,34,28,34,29,3.863258026159334,7.111111111111111,1.9655172413793103,2.6666666666666665,0.0029131464271055763,0.0015110861781891711,0.05397357156151125,0.038872691933916424,0.011254236315893005,0.01074550171156744,0.1060859854829704,0.10366051182377714,26.3169,53.8756,5.13,7.34,36,35,WSH,Milwaukee Brewers,Milwaukee Brewers,3564.09,1176.4899999999998,59.7,34.3,4489,1156,0,0,0,0,67,34,161,163,Matt Albers,36,9,6,3,1,1,225,225,6,5,RP,RP,0.5527950310559007,0.588957055214724,16,1,4,1,UFA,3249,1024,57,32,2500000,2500000,2500000,2500000,2500000,2500000,880.9024,0.0,29.68,0.0,5000000,31900000,103750000,2500000,89,96,0.0361,2.6569,-0.19,-1.63,1.8769000000000002,2.7556,1.37,1.66,0,0,841,144,29,12,64,9,8,3,14.73180128983843,14.73180128983843,14.73180128983843
DET,TEX,6.3,6.3,2019,9,8,1,9,16384,3,128,4,4,0,6724,0,5929,0,77,0,82,81.0,4.399762046400952,9.0,2.097560975609756,0.0001234567901234568,0.0019947218781000663,0.011111111111111112,0.044662309368191724,0.010000000000000002,0.008776301612390295,0.1,0.09368191721132897,0.0,46.1041,0.0,6.79,30,29,TEX,Detroit Tigers,Texas Rangers,100.0,10404.0,10.0,102.0,4,1521,4,144,2,12,2,39,161,162,Matt Moore,0,64,0,8,11,2,210,210,16,8,SP,RP,0.2919254658385093,0.4135802469135802,0,0,0,0,UFA,81,7396,9,86,2500000,9000000,2500000,9000000,2500000,9000000,0.0,0.0,0.0,0.0,2500000,15500000,35000000,2500000,47,67,0.5328999999999999,1.3456,0.73,-1.16,0.16000000000000003,2.7556,0.4,1.66,4,0,1,1681,1,41,0,9,0,3,14.73180128983843,14.73180128983843,14.73180128983843
TOR,LAA,6.2,6.2,2019,9,8,1,256,841,16,29,5,3,49,289,25,289,5,17,7,17,7.111111111111111,10.889999999999999,2.6666666666666665,3.3,0.0012140489747356406,0.0012846700325021517,0.03484320557491289,0.035842293906810034,0.008633237153675668,0.013990056653948434,0.09291521486643438,0.11827956989247312,2.4649,24.403600000000004,1.57,4.94,32,31,LAA,Toronto Blue Jays,Los Angeles Angels,823.6899999999999,961.0,28.7,31.0,25,49,25,49,5,7,5,7,161,162,Matt Shoemaker,0,4,0,2,2,1,225,225,7,10,SP,SP,0.4099378881987577,0.4938271604938271,0,0,0,0,UFA,576,1089,24,33,3500000,4125000,3500000,4125000,3500000,4125000,0.0,0.0,0.0,0.0,3500000,15500000,42800000,3500000,66,80,1.4161,0.010000000000000002,1.19,0.1,0.7569,1.5876000000000001,0.87,1.26,2,1,81,100,9,10,9,4,3,2,15.068273526459642,15.068273526459642,15.068273526459642
WSH,WSH,6.3,6.3,2015,9,8,7,20736,22500,144,150,7,5,3481,4356,3136,3844,56,62,59,66,54.22314049586777,34.60207612456748,7.363636363636363,5.882352941176471,0.00045286870052619975,0.0006592508022956801,0.021280711936544787,0.02567587977646881,0.024555963174813192,0.022811446446217305,0.1567034242600116,0.15103458692040478,8.584900000000001,6.400899999999999,2.93,2.53,34,33,DET,Washington Nationals,Washington Nationals,29687.290000000005,48708.49,172.3,220.7,841,1225,729,1089,27,33,29,35,162,162,Max Scherzer,49,49,7,7,1,1,208,208,6,5,SP,SP,0.5740740740740741,0.5061728395061729,0,0,0,0,UFA,59049,90000,243,300,30262705,15000000,37505562,22242857,37505562,22242857,5995.404900000001,8639.702500000001,77.43,92.95,210000000,184550000,23300000,30000000,93,82,33.5241,76.5625,5.79,8.75,1.0609,0.8281000000000001,1.03,0.91,1,0,1089,2601,33,51,121,324,11,18,17.225426654265814,17.439999799942317,17.439999799942317
OAK,OAK,6.2,6.2,2019,9,8,2,27556,27556,166,166,6,3,6724,5041,6400,4624,80,68,82,71,5.651833392666429,14.113221329437545,2.3773584905660377,3.7567567567567566,0.0010165597952540727,0.0005712964632200255,0.0318835348613367,0.023901808785529714,0.005745426596459117,0.008062833430149095,0.07579859231185707,0.08979328165374677,15.209999999999999,12.6736,3.9,3.56,34,33,OAK,Oakland Athletics,Oakland Athletics,34114.09,29584.0,184.7,172.0,1156,961,1024,900,32,30,34,31,162,162,Michael Fiers,16,64,4,8,15,15,211,211,28,27,SP,SP,0.5987654320987654,0.5987654320987654,0,0,0,0,UFA,15876,19321,126,139,6000000,6000000,6000000,1806448,6000000,6000000,5205.6225,3675.9969,72.15,60.63,14100000,37600000,18000000,7050000,97,97,8.2944,8.1225,2.88,2.85,1.4161,1.3923999999999999,1.19,1.18,9,9,2809,1369,53,37,196,144,14,12,15.60727002719233,15.60727002719233,15.60727002719233
ARI,SEA,0.0,0.0,2016,9,8,5,51529,42849,227,207,4,3,12996,9604,8836,8100,94,90,114,98,22.124828532235934,12.25,4.703703703703703,3.5,0.00023190497049653433,0.0004138557635119906,0.015228426395939087,0.020343445222282056,0.005130857708009056,0.005069733103021886,0.07163000564015792,0.0712020582779872,18.4041,19.009600000000002,4.29,4.36,31,30,SF,Arizona Diamondbacks,Seattle Mariners,38809.0,34484.49,197.0,185.7,1024,1024,1024,961,32,31,32,32,162,162,Mike Leake,121,100,11,10,1,0,170,170,6,4,SP,SP,0.5246913580246914,0.5493827160493827,0,0,0,0,UFA,16129,14161,127,119,16000000,17000000,3000000,11000000,16000000,17000000,1086.3616,842.7409,32.96,29.03,80000000,11600000,17750000,16000000,85,89,2.9583999999999997,2.7224999999999997,1.72,1.65,1.6641000000000001,1.6900000000000002,1.29,1.3,1,0,729,1156,27,34,144,100,12,10,16.588099280204055,14.914122846632385,16.588099280204055
TEX,TEX,6.4,6.4,2018,9,8,3,36100,19044,190,138,6,4,7396,5776,6889,5329,83,73,86,76,8.65051903114187,12.066481994459835,2.9411764705882355,3.473684210526316,0.0013156920989010417,0.0007232407194542237,0.03627247026190857,0.02689313517338995,0.01138141954066645,0.008726971118954565,0.10668373606443697,0.09341825902335456,12.8881,17.556100000000004,3.59,4.19,31,30,KC,Texas Rangers,Texas Rangers,43388.89000000001,24649.0,208.3,157.0,1089,784,1024,784,32,28,33,28,162,162,Mike Minor,100,64,10,8,2,2,210,210,8,8,SP,SP,0.4814814814814814,0.4135802469135802,0,0,0,0,UFA,40000,17424,200,132,9500000,8000000,9833333,8333333,9833333,8333333,8983.2484,3792.0964,94.78,61.58,28000000,47250000,35000000,9333333,78,67,60.528400000000005,13.838400000000002,7.78,3.72,1.5376,1.2544000000000002,1.24,1.12,0,0,4624,1444,68,38,196,144,14,12,16.06680235657077,16.10128849874363,16.10128849874363
BOS,BOS,6.2,6.2,2019,9,8,4,5184,11025,72,105,1,3,2116,3025,2025,2209,45,47,46,55,4.0,25.502499999999998,2.0,5.05,0.0032996944967749052,0.0004008012016020024,0.057442967339569995,0.02002002002002002,0.013198777987099621,0.010221432643855066,0.11488593467913999,0.1011011011011011,35.880100000000006,14.5161,5.99,3.81,29,28,BOS,Boston Red Sox,Boston Red Sox,4583.29,12321.0,67.7,111.0,529,576,144,441,12,21,23,24,161,162,Nathan Eovaldi,1,64,1,8,14,14,217,217,24,24,SP,SP,0.515527950310559,0.6666666666666666,0,0,0,0,UFA,4900,10201,70,101,17000000,2000000,17000000,731204,17000000,2000000,4.9729,3412.8964,2.23,58.42,68000000,68000000,131000000,17000000,83,108,0.0144,0.5476,0.12,0.74,2.4964000000000004,1.2768999999999997,1.58,1.13,9,9,1225,400,35,20,4,49,2,7,16.64872390202049,16.64872390202049,16.64872390202049
PHI,PHI,6.3,6.3,2018,9,8,2,529,529,23,23,4,4,121,81,100,49,10,7,11,9,20.25,9.0,4.5,3.0,0.00015241579027587256,0.0005226878953219224,0.012345679012345678,0.022862368541380886,0.0030864197530864196,0.004704191057897301,0.05555555555555555,0.06858710562414265,25.0,6.708099999999999,5.0,2.59,38,37,COL,Philadelphia Phillies,Philadelphia Phillies,324.0,590.49,18.0,24.3,400,900,0,0,0,0,20,30,162,162,Pat Neshek,1,4,1,2,7,7,220,220,14,14,RP,RP,0.5,0.4938271604938271,9,25,3,5,UFA,81,225,9,15,5750000,5750000,7750000,7750000,7750000,7750000,0.0,0.0,0.0,0.0,16200000,403000000,169200000,8100000,81,80,0.0144,0.6723999999999999,-0.12,0.82,1.9320999999999997,1.3224999999999998,1.39,1.15,2,2,4,25,2,5,0,9,0,3,15.564710412773533,15.86320340132953,15.86320340132953
WSH,ARI,6.4,6.4,2019,9,8,6,28561,26244,169,162,7,2,6561,4900,5329,4900,73,70,81,70,11.559999999999999,26.265625,3.4,5.125,0.00148254649447343,0.0007111111111111113,0.03850385038503851,0.02666666666666667,0.01713823747611285,0.018677777777777776,0.13091309130913092,0.13666666666666666,10.5625,9.9225,3.25,3.15,29,28,ARI,Washington Nationals,Arizona Diamondbacks,40804.0,40000.0,202.0,200.0,1089,1089,1089,1089,33,33,33,33,162,162,Patrick Corbin,49,49,7,7,1,1,220,220,6,6,SP,SP,0.5740740740740741,0.5061728395061729,0,0,0,0,UFA,56644,60516,238,246,12500000,7500000,12916666,7500000,12916666,7500000,6444.8784000000005,8357.6164,80.28,91.42,140000000,184550000,15750000,23333333,93,82,32.0356,20.9764,5.66,4.58,1.3923999999999999,1.1025,1.18,1.05,1,1,4900,2304,70,48,196,121,14,11,16.34123920227253,16.374028973482616,16.374028973482616
LAD,LAD,6.5,6.5,2017,9,8,3,2304,11664,48,108,3,2,400,3249,256,2916,16,54,20,57,16.0,13.384889946460442,4.0,3.658536585365854,0.001160870536815558,0.0011785305608433437,0.034071550255536626,0.03432973289793184,0.018573928589048928,0.015774501855428457,0.1362862010221465,0.12559658377292138,6.0516,13.395600000000002,2.46,3.66,39,38,LAD,Los Angeles Dodgers,Los Angeles Dodgers,3445.6900000000005,17609.289999999997,58.7,132.7,169,625,169,576,13,24,13,25,161,163,Rich Hill,1,25,1,5,25,25,221,221,33,32,SP,SP,0.6521739130434783,0.5644171779141104,0,0,0,0,UFA,5184,22500,72,150,18000000,16000000,18666668,16666666,18666668,16666666,0.0,1889.6408999999999,0.0,43.47,48000000,85000000,4000000,16000000,105,92,1.5625,2.1609,1.25,1.47,1.2768999999999997,1.2544000000000002,1.13,1.12,6,6,324,1681,18,41,16,121,4,11,16.70588231586044,16.742250031459882,16.742250031459882
TEX,OAK,6.2,6.2,2019,9,8,1,3025,1089,55,33,6,3,729,256,676,256,26,16,27,16,15.28099173553719,20.661157024793393,3.909090909090909,4.545454545454546,0.0006676949168385982,0.0006221687465613608,0.02583979328165375,0.024943310657596373,0.010203040506070809,0.012854726168623157,0.10101010101010101,0.11337868480725624,24.403600000000004,8.6436,4.94,2.94,35,34,OAK,Texas Rangers,Oakland Athletics,2237.2899999999995,2401.0,47.3,49.0,2601,2916,0,0,0,0,51,54,162,162,Shawn Kelley,4,0,2,0,2,15,237,237,8,27,RP,RP,0.4814814814814814,0.5987654320987654,121,0,11,0,UFA,1849,2500,43,50,2500000,5500000,2562500,1655920,2562500,5600000,999.1921,1340.2921,31.61,36.61,2750000,47250000,18000000,2750000,78,97,0.6889,0.4096,0.83,0.64,1.9320999999999997,0.81,1.39,0.9,0,9,121,121,11,11,25,4,5,2,14.73180128983843,14.7564939024288,14.7564939024288
CHC,CHC,6.6,6.6,2018,9,8,2,2304,2025,48,45,5,7,484,361,441,289,21,17,22,19,3.863258026159334,7.7602040816326525,1.9655172413793103,2.7857142857142856,0.0025348427854938274,0.001958485649933331,0.050347222222222224,0.04425478109688637,0.00979275173611111,0.015198248334431614,0.09895833333333333,0.12328117591275488,8.7025,4.752400000000001,2.95,2.18,33,32,SEA,Chicago Cubs,Chicago Cubs,4096.0,4942.089999999999,64.0,70.3,4900,6561,0,0,0,0,70,81,162,163,Steve Cishek,36,9,6,3,17,17,215,215,20,20,RP,RP,0.5185185185185185,0.5828220858895705,49,16,7,4,UFA,3249,6084,57,78,6500000,6500000,6500000,7500000,6500000,7500000,3440.9955999999997,3888.7696,58.66,62.36,13000000,49325000,215545000,6500000,84,95,3.1684,5.1983999999999995,1.78,2.28,1.44,1.0816000000000001,1.2,1.04,3,3,841,784,29,28,16,16,4,4,15.687312734865866,15.687312734865866,15.687312734865866
PHI,PHI,6.3,6.3,2018,9,8,2,4,4225,2,65,4,4,0,784,0,729,0,27,0,28,inf,11.559999999999999,inf,3.4,0.0,0.0006781684027777779,0.0,0.026041666666666668,0.010987610370546174,0.007839626736111112,0.10482180293501049,0.08854166666666667,0.0,14.44,0.0,3.8,32,31,TB,Philadelphia Phillies,Philadelphia Phillies,28.09,4096.0,5.3,64.0,25,4225,0,0,0,0,5,65,162,162,Tommy Hunter,0,16,0,4,7,7,250,250,14,14,RP,RP,0.5,0.4938271604938271,0,16,0,4,UFA,25,2601,5,51,9000000,9000000,9000000,9000000,9000000,9000000,0.0,578.8835999999999,0.0,24.06,18000000,403000000,169200000,9000000,81,80,0.0625,2.3409,0.25,1.53,0.1444,1.5625,0.38,1.25,2,2,0,225,0,15,0,25,0,5,16.012735135300492,16.012735135300492,16.012735135300492
SF,SF,6.3,6.3,2018,9,8,3,3136,2916,56,54,2,2,676,361,625,361,25,19,26,19,11.67361111111111,26.44897959183674,3.4166666666666665,5.142857142857143,0.0006096631611034902,0.0005554988719971885,0.024691358024691357,0.02356902356902357,0.007116970651492829,0.014692378328741967,0.08436213991769548,0.12121212121212122,17.3889,6.708099999999999,4.17,2.59,34,33,LAD,San Francisco Giants,San Francisco Giants,2916.0,4356.0,54.0,66.0,3600,5184,0,0,0,0,60,72,161,162,Tony Watson,4,36,2,6,23,23,218,218,26,26,RP,RP,0.4782608695652174,0.4506172839506173,0,0,0,0,UFA,1681,5184,41,72,3500000,3000000,7500000,3000000,7500000,3000000,454.11609999999996,5519.004100000001,21.31,74.29,9000000,8500000,11500000,3000000,77,73,0.0484,3.24,0.22,1.8,1.5876000000000001,1.0609,1.26,1.03,8,8,144,196,12,14,4,16,2,4,15.068273526459642,15.830413578506539,15.830413578506539
LAA,OAK,6.4,6.4,2019,9,8,1,12321,8100,111,90,4,3,5041,2704,4624,2116,68,46,71,52,4.313609467455622,5.94883997620464,2.076923076923077,2.4390243902439024,0.001794291202420361,0.0017151311090705032,0.042359074617139135,0.04141414141414142,0.0077398715181328,0.010203040506070809,0.08797653958944282,0.10101010101010101,35.760400000000004,14.137599999999999,5.98,3.76,31,30,OAK,Los Angeles Angels,Oakland Athletics,10465.289999999999,12100.0,102.3,110.0,1521,441,121,400,11,20,39,21,161,162,Trevor Cahill,81,16,9,4,1,15,230,230,10,27,RP,SP,0.4472049689440994,0.5987654320987654,0,0,0,0,UFA,6561,10000,81,100,9000000,1500000,9000000,1500000,9000000,1500000,0.0,4877.6256,0.0,69.84,9000000,31000000,18000000,9000000,72,97,0.1296,1.6641000000000001,-0.36,1.29,2.1609,1.4161,1.47,1.19,1,9,1521,1681,39,41,16,49,4,7,16.012735135300492,16.012735135300492,16.012735135300492
DET,STL,6.6,6.6,2019,9,8,1,1681,17424,41,132,4,3,784,5329,576,4761,24,69,28,73,1.9290123456790123,3.872008324661811,1.3888888888888888,1.967741935483871,0.003210041008273881,0.0021176528127935584,0.056657223796033995,0.04601796184962518,0.00619220873509622,0.008199569319880157,0.07869058860560277,0.09055147331700439,37.332100000000004,17.222500000000004,6.11,4.15,32,31,STL,Detroit Tigers,St. Louis Cardinals,1246.0899999999997,22410.089999999997,35.3,149.7,49,1156,49,529,7,23,7,34,161,162,Tyson Ross,25,81,5,9,11,23,245,245,16,28,SP,SP,0.2919254658385093,0.5432098765432098,0,0,0,0,UFA,625,14884,25,122,5750000,1750000,6000000,536313,6000000,2700000,0.0,1964.2624,0.0,44.32,5750000,15500000,28000000,5750000,47,88,0.0036,0.04409999999999999,-0.06,0.21,2.7889,1.6900000000000002,1.67,1.3,4,11,324,3844,18,62,1,49,1,7,15.564710412773533,15.60727002719233,15.60727002719233
COL,COL,6.5,6.5,2018,9,8,3,2601,1849,51,43,1,5,1764,961,1681,900,41,30,42,31,2.0975029726516055,9.0,1.4482758620689655,3.0,0.0056944951430560765,0.001957200484123384,0.07546187874056726,0.04424025863535818,0.011944220490310251,0.017614804357110454,0.1092896174863388,0.13272077590607453,74.8225,17.0569,8.65,4.13,33,32,CHC,Colorado Rockies,Colorado Rockies,1823.2900000000002,4264.089999999999,42.7,65.3,2500,4761,0,0,0,0,50,69,161,163,Wade Davis,36,36,6,6,1,1,225,225,5,5,RP,RP,0.4347826086956521,0.558282208588957,225,1849,15,43,UFA,1764,6084,42,78,18000000,16000000,18000000,16000000,18000000,16000000,0.0004,626.0004,0.02,25.02,52000000,24000000,122500000,17333333,70,91,1.7956000000000003,1.1881000000000002,-1.34,1.09,3.5343999999999998,1.1236000000000002,1.88,1.06,0,0,841,676,29,26,1,9,1,3,16.70588231586044,16.70588231586044,16.70588231586044
HOU,MIL,6.2,6.2,2019,9,8,1,26896,5041,164,71,3,5,6889,784,5476,529,74,23,83,28,5.26740123622682,3.4293552812071333,2.2950819672131146,1.8518518518518519,0.001641280347051971,0.0013819598955238316,0.040512718336986116,0.03717472118959107,0.00864528212905634,0.004739231466131109,0.09298000929800093,0.0688420762770205,15.8404,6.604899999999999,3.98,2.57,32,31,MIL,Houston Astros,Milwaukee Brewers,27989.290000000005,6512.490000000001,167.3,80.7,1089,256,1089,256,33,16,33,16,161,163,Wade Miley,36,4,6,2,3,1,220,220,13,5,SP,SP,0.6583850931677019,0.588957055214724,0,0,0,0,UFA,19600,2500,140,50,4500000,2500000,5000000,2500000,5000000,2500000,4138.3489,0.0,64.33,0.0,4500000,42250000,103750000,4500000,106,96,3.9601,2.1904,1.99,1.48,1.8225000000000002,1.4884,1.35,1.22,1,0,3721,729,61,27,196,25,14,5,15.319587954740548,15.424948470398375,15.424948470398375
MIA,MIA,0.0,0.0,2016,9,8,5,7569,17161,87,131,2,1,2916,5625,2500,5041,50,71,54,75,12.25,5.577636939791762,3.5,2.3617021276595747,0.0008574693079579585,0.0015347950793927819,0.02928257686676428,0.039176460781862134,0.010503999022484993,0.008560529729831807,0.10248901903367498,0.09252313078269567,43.4281,22.9441,6.59,4.79,33,32,BAL,Miami Marlins,Miami Marlins,4664.889999999999,17768.890000000003,68.3,133.3,2025,729,0,676,0,26,45,27,162,161,Wei-Yin Chen,1,144,1,12,2,2,200,200,2,2,RP,SP,0.3518518518518518,0.391304347826087,0,0,0,0,UFA,3969,12321,63,111,20000000,10000000,20000000,10000000,20000000,10000000,0.0,184.6881,0.0,13.59,80000000,4500000,3250000,16000000,57,63,0.9801,0.2304,-0.99,-0.48,2.3716,1.7956000000000003,1.54,1.34,2,2,324,2209,18,47,0,36,0,6,16.811242831518264,16.811242831518264,16.811242831518264
CHC,CHC,6.5,6.5,2018,9,8,6,19600,1296,140,36,5,7,6724,576,6241,484,79,22,82,24,16.722257653061227,5.4444444444444455,4.089285714285714,2.3333333333333335,0.0012123888402096985,0.003402777777777778,0.03481937449480818,0.058333333333333334,0.020273878561682654,0.018526234567901232,0.14238637070198346,0.1361111111111111,15.8404,24.5025,3.98,4.95,32,31,LAD,Chicago Cubs,Chicago Cubs,31933.689999999995,1600.0,178.7,40.0,961,64,961,64,31,8,31,8,162,163,Yu Darvish,64,9,8,3,17,17,220,220,20,20,SP,SP,0.5185185185185185,0.5828220858895705,0,0,0,0,UFA,52441,2401,229,49,20000000,25000000,20000000,25000000,20000000,25000000,2139.0625,0.0,46.25,0.0,126000000,49325000,215545000,21000000,84,95,10.956100000000001,0.004900000000000001,3.31,-0.07,1.2100000000000002,2.0164,1.1,1.42,3,3,3136,441,56,21,36,1,6,1,16.811242831518264,16.811242831518264,16.811242831518264
OAK,OAK,6.1,6.1,2018,9,8,2,3249,5776,57,76,6,3,625,1024,625,961,25,31,25,32,50.41,17.82716049382716,7.1,4.222222222222222,0.0001792085790730974,0.00046248121170077474,0.013386880856760375,0.021505376344086023,0.00903390447107484,0.008244726786369366,0.09504685408299866,0.0908004778972521,7.3441,9.0,2.71,3.0,34,33,LAA,Oakland Athletics,Oakland Athletics,6889.0,8649.0,83.0,93.0,6400,5476,0,0,0,0,80,74,162,162,Yusmeiro Petit,9,9,3,3,15,15,252,252,28,27,RP,RP,0.5987654320987654,0.5987654320987654,0,0,0,0,UFA,5041,5776,71,76,5500000,3500000,5500000,3500000,5500000,3500000,6611.3161,4415.6025,81.31,66.45,10000000,37600000,18000000,5000000,97,97,4.9729,2.8899999999999997,2.23,1.7,0.6561000000000001,1.0201,0.81,1.01,9,9,100,324,10,18,25,49,5,7,15.520258650202699,15.520258650202699,15.520258650202699
NYY,NYY,6.1,6.1,2019,9,8,3,1444,841,38,29,5,2,169,256,169,196,13,14,13,16,2.7431640625,2.621315192743764,1.65625,1.619047619047619,0.0033642943693178466,0.00328673547346766,0.05800253761102049,0.057330057330057325,0.00922881140958382,0.008615569631130646,0.09606670291825269,0.09282009282009282,3.6481,9.610000000000001,1.91,3.1,31,30,NYY,New York Yankees,New York Yankees,3757.6899999999996,1656.4900000000002,61.3,40.7,4356,1681,0,0,0,0,66,41,162,162,Zack Britton,1,0,1,0,40,40,200,200,55,54,RP,RP,0.6358024691358025,0.6172839506172839,9,49,3,7,UFA,2809,1156,53,34,13000000,12000000,13000000,4387088,13000000,12000000,3152.8224999999998,0.0,56.15,0.0,39000000,124555000,14000000,13000000,103,100,5.6644,0.11560000000000002,2.38,0.34,1.2995999999999999,1.5129,1.14,1.23,27,27,1024,441,32,21,9,4,3,2,16.38045991542581,16.38045991542581,16.38045991542581
HOU,ARI,6.2,6.2,2016,9,8,6,30625,32761,175,181,3,2,5329,5929,4624,5476,68,74,73,77,38.85444444444445,21.417522985397515,6.233333333333333,4.627906976744186,0.00025510125338643725,0.0005291501203155445,0.015971889474524836,0.023003263253624354,0.009911817477411471,0.011333084864584031,0.09955811105787148,0.1064569624993313,8.584900000000001,10.3041,2.93,3.21,35,34,LAD,Houston Astros,Arizona Diamondbacks,43555.689999999995,43139.28999999999,208.7,207.7,1296,1156,1089,1089,33,33,36,34,161,162,Zack Greinke,25,121,5,11,3,1,200,200,13,6,SP,SP,0.6583850931677019,0.5061728395061729,0,0,0,0,UFA,34969,39601,187,199,31500000,31000000,4537635,34000000,34500000,34000000,5436.112900000001,2480.0399999999995,73.73,49.8,206500000,42250000,15750000,34416667,106,82,17.8084,17.222500000000004,4.22,4.15,0.9603999999999999,1.1664,0.98,1.08,1,1,900,1849,30,43,324,225,18,15,17.26549810379586,15.327916509178776,17.356469882001587
