Acronimo_t,Acronimo_t_1,Altura_t,Altura_t_1,Anio_de_agente_libre_t,Anio_de_agente_libre_t_1,Anio_t,Anios_de_contrato,Anios_de_contrato_t,Anios_de_contrato_t_1,Antiguedad_t,Antiguedad_t_1,Bateos_2_t,Bateos_2_t_1,Bateos_t,Bateos_t_1,Bono_por_firma_t,Bono_por_firma_t_1,Cantidad_agentes_libres_t,Cantidad_agentes_libres_t_1,Cantidad_de_equipos_t,Cantidad_de_equipos_t_1,Carreras_2_t,Carreras_2_t_1,Carreras_ganadas_2_t,Carreras_ganadas_2_t_1,Carreras_ganadas_t,Carreras_ganadas_t_1,Carreras_t,Carreras_t_1,Comando_2_t,Comando_2_t_1,Comando_t,Comando_t_1,Control_2_t,Control_2_t_1,Control_t,Control_t_1,Dominio_2_t,Dominio_2_t_1,Dominio_t,Dominio_t_1,ERA_2_t,ERA_2_t_1,ERA_t,ERA_t_1,Edad_al_firmar_t,Edad_al_firmar_t_1,Edad_t,Equipo_anterior,Equipo_t,Equipo_t_1,Estado_t,Ganancias_t,Ganancias_t_1,Inning_pitched_2_t,Inning_pitched_2_t_1,Inning_pitched_t,Inning_pitched_t_1,Juegos_iniciados_t,Juegos_iniciados_t_1,Juegos_t,Juegos_t_1,Juegos_totales_t,Juegos_totales_t_1,Jugador,Losses_2_t,Losses_2_t_1,Losses_t,Losses_t_1,Pago_efectivo_t,Pago_efectivo_t_1,Pennants_won_t,Pennants_won_t_1,Peso_t,Peso_t_1,Playoffs_t,Playoffs_t_1,Porcentaje_juegos_t,Porcentaje_juegos_t_1,Posicion_t,Posicion_t_1,Promedio_victorias_t,Promedio_victorias_t_1,Saves_2_t,Saves_2_t_1,Saves_t,Saves_t_1,Status_agente_libre,Strike_outs_2_t,Strike_outs_2_t_1,Strike_outs_t,Strike_outs_t_1,Sueldo_ajustado_t,Sueldo_ajustado_t_1,Sueldo_base_t,Sueldo_base_t_1,Sueldo_porcentual_t,Sueldo_porcentual_t_1,Sueldo_regular_t,Sueldo_regular_t_1,TVS_2_t,TVS_2_t_1,TVS_t,TVS_t_1,Valor_contrato,Valor_contrato_promedio_t,Valor_contrato_promedio_t_1,Valor_contrato_total_t,Valor_contrato_total_t_1,Valor_del_contrato_t,Valor_del_contrato_t_1,Valor_promedio_contrato,Victorias_t,Victorias_t_1,WAR_2_t,WAR_2_t_1,WAR_t,WAR_t_1,WHIP_2_t,WHIP_2_t_1,WHIP_t,WHIP_t_1,WS_ganadas_t,WS_ganadas_t_1,Walks_2_t,Walks_2_t_1,Walks_t,Walks_t_1,Wins_2_t,Wins_2_t_1,Wins_t,Wins_t_1,ln_Sueldo_ajustado_t,ln_Sueldo_base_t,ln_Sueldo_regular_t
NYY,CHC,6.4,6.4,2022,2017,2017,5,5,1,1,1,1369,1024,37,32,2200000,0,3,15,2,2,400,144,324,100,18,10,20,12,11.902500000000002,25.0,3.45,5.0,0.15809714278938697,0.09631391200951249,0.3976143141153082,0.3103448275862069,1.881751242050678,2.4078478002378123,1.371769383697813,1.5517241379310345,10.368400000000001,2.4025000000000003,3.22,1.55,28,27,29,CHC,New York Yankees,Chicago Cubs,New York,75672227,54672227,2530.0899999999997,3364.0,50.3,58.0,0,0,52,59,162,160,Aroldis Chapman,9,1,3,1,21000000,11325000,40,17,218.0,218.0,53,18,0.32098765432098764,0.36875,RP,RP,0.5617283950617284,0.6375,484,1296,22,36,UFA,4761,8100,69,90,17200000,4331967,15000000,11325000,0.082,0.024,17200000,11325000,315.0625,5650.5289,17.75,75.17,86000000,17200000,11325000,102500000,291277500,86000000,11325000,17200000,91,102,0.9025,1.44,0.95,1.2,1.2768999999999997,0.7395999999999999,1.13,0.86,27,3,400,324,20,18,16,16,4,4,16.660419941783683,16.523560759066484,16.660419941783683
LAD,LAD,6.5,6.5,2022,2017,2017,5,5,1,0,0,1936,1225,44,35,1333333,0,6,8,5,5,121,196,100,196,10,14,11,14,242.46938775510202,89.38842975206613,15.571428571428571,9.454545454545455,0.01050399902248499,0.02563727702455034,0.10248901903367497,0.16011644832605532,2.5468982119621257,2.2916759363432764,1.595900439238653,1.5138282387190682,1.7424000000000002,3.3856,1.32,1.84,29,28,29,LAD,Los Angeles Dodgers,Los Angeles Dodgers,California,37948838,23948838,4664.889999999999,4719.6900000000005,68.3,68.7,0,0,65,72,162,161,Kenley Jansen,0,4,0,2,14000000,10650000,25,25,265.0,265.0,31,30,0.4012345679012346,0.4472049689440994,RP/CL,RP/CL,0.6419753086419753,0.5652173913043478,1681,2209,41,47,UFA,11881,10816,109,104,11333333,10650000,10000000,10650000,0.044,0.04,11333333,10650000,8146.8676000000005,8554.400099999999,90.26,92.49,80000000,16000000,10650000,199600000,79750000,80000000,10650000,16000000,104,91,8.820900000000002,7.6729,2.97,2.77,0.5625,0.4489000000000001,0.75,0.67,6,6,49,121,7,11,25,9,5,3,16.24325876450056,16.11809565095832,16.24325876450056
SF,WSH,6.1,6.1,2021,2017,2017,4,4,1,1,1,1369,2704,37,52,10000000,0,3,11,5,1,256,256,225,169,15,13,16,16,23.361111111111107,29.340277777777782,4.833333333333333,5.416666666666667,0.04000000000000001,0.02848546351190159,0.2,0.1687763713080169,0.9344444444444444,0.8357714120679459,0.9666666666666667,0.9142053445850915,20.25,2.7224999999999997,4.5,1.65,31,30,32,WSH,San Francisco Giants,Washington Nationals,California,36518000,20518000,900.0,5055.209999999999,30.0,71.1,0,0,32,75,162,161,Mark Melancon,4,4,2,2,16000000,3427595,23,1,215.0,215.0,26,4,0.19753086419753085,0.4658385093167702,RP,RP,0.3950617283950617,0.5838509316770186,121,2209,11,47,UFA,841,4225,29,65,14000000,3427595,4000000,9650000,0.074,0.025,14000000,9650000,0.0,6745.336899999999,0.0,82.13,62000000,15500000,9650000,65250000,68750000,62000000,9650000,15500000,64,94,0.0225,2.6895999999999995,0.15,1.64,2.0448999999999997,0.81,1.43,0.9,8,0,36,144,6,12,1,4,1,2,16.454567887579532,15.201804919084164,16.454567887579532
LAD,LAD,6.5,6.5,2020,2017,2017,3,3,1,1,1,9801,5929,99,77,666666,0,6,8,5,5,2601,841,2500,676,50,26,51,29,11.476884631403584,15.28099173553719,3.3877551020408165,3.909090909090909,0.13038645110453784,0.0895110918955885,0.36109064112011796,0.2991840435176791,1.4964302568249246,1.3678182554953977,1.223286661753869,1.1695376246600182,11.0224,4.494400000000001,3.32,2.12,36,35,37,LAD,Los Angeles Dodgers,Los Angeles Dodgers,California,25214059,11214059,18414.489999999998,12166.09,135.7,110.3,25,20,25,20,162,161,Rich Hill,64,25,8,5,14000000,2065574,25,25,221.0,221.0,31,30,0.15432098765432098,0.12422360248447205,SP,SP,0.6419753086419753,0.5652173913043478,0,0,0,0,UFA,27556,16641,166,129,12666666,2065574,12000000,6000000,0.049,0.008,12666666,6000000,4595.484100000001,8587.7289,67.79,92.67,48000000,16000000,6000000,199600000,79750000,48000000,6000000,16000000,104,91,4.8841,1.9320999999999997,2.21,1.39,1.1881000000000002,1.0,1.09,1.0,6,6,2401,1089,49,33,144,144,12,12,16.35448437639097,16.300417207752275,16.35448437639097
STL,TOR,5.718369351669941,5.721339712918669,2021,2017,2017,4,4,1,0,0,4489,1521,67,39,250000,0,2,13,2,1,961,289,841,256,29,16,31,17,17.015625,31.640625,4.125,5.625,0.05652099998012934,0.0475168722018873,0.23774145616641904,0.217983651226158,0.9617401402868884,1.5034635345128404,0.9806835066864785,1.2261580381471389,15.0544,15.4449,3.88,3.93,30,29,30,TOR,St. Louis Cardinals,Toronto Blue Jays,Missouri,19118100,10618100,4529.29,1346.89,67.3,36.7,0,0,73,54,162,161,Brett Cecil,16,49,4,7,8500000,3800000,23,2,235.0,235.0,28,7,0.4506172839506173,0.33540372670807456,RP,RP,0.5123456790123457,0.546583850931677,1,0,1,0,UFA,4356,2025,66,45,7750000,3800000,7500000,3800000,0.053,0.025,7750000,3800000,152.2756,196.5604,12.34,14.02,30500000,7625000,3800000,113000000,65800000,30500000,3800000,7625000,83,88,0.2601,0.07840000000000001,0.51,0.28,1.5129,1.6384,1.23,1.28,11,2,256,64,16,8,4,1,2,1,15.86320340132953,15.830413578506539,15.86320340132953
PIT,PIT,6.5,6.5,2020,2017,2017,3,3,1,1,1,41209,30625,203,175,666666,0,2,10,2,2,9216,6561,7396,5929,86,77,96,81,13.241512345679013,20.57270408163265,3.638888888888889,4.535714285714286,0.03706139723755326,0.029873494894071023,0.1925133689839572,0.1728395061728395,0.4907489490691756,0.6145785703398873,0.7005347593582888,0.7839506172839507,17.139599999999998,18.3184,4.14,4.28,29,28,30,PIT,Pittsburgh Pirates,Pittsburgh Pirates,Pennsylvania,22390211,12640211,34969.0,26244.0,187.0,162.0,31,26,31,32,162,160,Ivan Nova,196,64,14,8,9750000,1411475,9,9,250.0,250.0,17,17,0.19135802469135801,0.2,SP,SP,0.4629629629629629,0.4875,0,1,0,1,UFA,17161,16129,131,127,8416666,1411475,7000000,4100000,0.084,0.014,8416666,4100000,2830.2400000000002,1327.8736,53.2,36.44,26000000,8666667,4100000,37000000,25150000,26000000,4100000,8666667,75,78,3.9204,0.4096,1.98,0.64,1.6384,1.5625,1.28,1.25,5,5,1296,784,36,28,121,144,11,12,15.945724345809609,15.761420707019587,15.945724345809609
MIA,KC,5.718369351669941,5.721339712918669,2019,2017,2017,2,2,2,0,1,6084,47524,78,218,0,0,6,10,2,2,2116,15376,1849,12996,43,114,46,124,2.335706657173372,3.3450484764542936,1.528301886792453,1.8289473684210527,0.3297223125401295,0.16118549475658786,0.5742145178764897,0.40147913365029053,0.7701346004185794,0.5391732936620557,0.8775731310942578,0.7342842049656629,17.556100000000004,29.3764,4.19,5.42,33,31,33,KC,Miami Marlins,Kansas City Royals,Florida,31752000,22752000,8519.289999999999,35834.490000000005,92.3,189.3,17,34,17,34,162,161,Edinson Volquez,64,121,8,11,9000000,9500000,2,4,220.0,220.0,2,9,0.10493827160493827,0.2111801242236025,SP,SP,0.4753086419753086,0.5031055900621118,0,0,0,0,UFA,6561,19321,81,139,9000000,9500000,9000000,9500000,0.081,0.067,9000000,9500000,1395.7695999999999,67.40410000000001,37.36,8.21,22000000,11000000,10000000,57250000,186750000,22000000,20000000,11000000,77,81,0.31360000000000005,1.555108761600001,0.56,1.2470400000000004,2.0164,2.4025000000000003,1.42,1.55,2,2,2809,5776,53,76,16,100,4,10,16.012735135300492,16.012735135300492,16.012735135300492
COL,MIA,6.0,6.0,2021,2017,2017,3,3,2,1,2,1849,1849,43,43,0,0,4,10,1,2,625,256,625,256,25,16,25,16,4.144132653061224,11.933884297520661,2.0357142857142856,3.4545454545454546,0.3098703998671984,0.06826862859045028,0.5566600397614314,0.26128266033254155,1.2841440423067956,0.8147099147488448,1.1332007952286283,0.9026128266033254,19.9809,11.696399999999999,4.47,3.42,31,29,32,MIA,Colorado Rockies,Miami Marlins,Colorado,13386500,9386500,2530.0899999999997,1772.41,50.3,42.1,0,0,68,51,162,160,Michael Dunn,1,1,1,1,4000000,3450000,1,2,215.0,215.0,4,2,0.41975308641975306,0.31875,RP,RP,0.5370370370370371,0.49375,0,0,0,0,UFA,3249,1444,57,38,4000000,3450000,4000000,3450000,0.029,0.044,4000000,3450000,111.09159999999999,1395.0225,10.54,37.35,19000000,6333333,2900000,97250000,84707500,19000000,5800000,6333333,87,79,0.5184,0.3844,0.72,0.62,1.9880999999999998,1.6384,1.41,1.28,0,2,784,121,28,11,25,36,5,6,15.201804919084164,15.201804919084164,15.201804919084164
KC,CHC,6.6,6.6,2020,2017,2017,2,2,2,0,1,43681,21904,209,148,0,0,4,15,2,2,11881,5929,11236,5041,106,71,109,77,9.125434027777779,7.381986472054111,3.0208333333333335,2.7169811320754715,0.07087466535253224,0.1014483750924556,0.26622296173044924,0.31850961538461536,0.6467620829153604,0.7488905325443785,0.8042151968940654,0.8653846153846153,27.9841,14.7456,5.29,3.84,34,32,34,CHC,Kansas City Royals,Chicago Cubs,Missouri,49306500,44306500,32508.090000000004,27688.960000000003,180.3,166.4,32,30,32,35,162,160,Jason Hammel,169,100,13,10,5000000,9000000,4,17,225.0,225.0,9,18,0.19753086419753085,0.21875,SP,SP,0.4938271604938271,0.6375,0,0,0,0,UFA,21025,20736,145,144,5000000,9000000,5000000,9000000,0.034,0.049,5000000,9000000,1036.1961,2226.8961,32.19,47.19,16000000,8000000,10000000,43800000,291277500,16000000,20000000,8000000,80,102,2.6895999999999995,1.8225000000000002,1.64,1.35,2.0164,1.4641,1.42,1.21,2,3,2304,2809,48,53,64,225,8,15,15.424948470398375,15.424948470398375,15.424948470398375
MIA,BOS,6.4,6.4,2019,2017,2017,2,2,2,0,2,3249,4489,57,67,0,0,6,6,2,1,841,441,625,289,25,17,29,21,2.640625,4.976331360946745,1.625,2.230769230769231,0.11588954277953825,0.14619377162629757,0.3404255319148936,0.38235294117647056,0.30602082390221824,0.7275086505190311,0.5531914893617021,0.8529411764705882,22.9441,5.0625,4.79,2.25,37,34,37,BOS,Miami Marlins,Boston Red Sox,Florida,29399999,22399999,2209.0,4624.0,47.0,68.0,0,0,53,69,162,161,Brad Ziegler,16,49,4,7,7000000,2584730,2,13,220.0,220.0,2,22,0.3271604938271605,0.42857142857142855,RP,RP,0.4753086419753086,0.577639751552795,100,484,10,22,UFA,676,3364,26,58,7000000,2584730,7000000,5500000,0.063,0.012,7000000,5500000,17.472399999999997,4058.9641,4.18,63.71,16000000,8000000,5250000,57250000,230000000,16000000,10500000,8000000,77,93,1.3422542342573305,1.7161000000000002,1.1585569620253164,1.31,2.4025000000000003,1.8769000000000002,1.55,1.37,2,8,256,676,16,26,1,16,1,4,15.761420707019587,15.761420707019587,15.761420707019587
HOU,PHI,6.5,6.5,2019,2017,2017,2,2,3,0,2,15625,225,125,15,0,0,3,6,2,2,4225,64,3481,64,59,8,65,8,10.6276,5.640625,3.26,2.375,0.11616619944621252,0.21383941996057335,0.3408316291751875,0.4624277456647399,1.234567901234568,1.206187978215109,1.1111111111111112,1.0982658959537572,13.1044,17.222500000000004,3.62,4.15,33,30,33,PHI,Houston Astros,Philadelphia Phillies,Texas,36223008,26348008,21520.889999999996,299.29,146.7,17.3,25,4,25,4,162,161,Charlie Morton,49,1,7,1,8875000,8000000,2,7,215.0,215.0,11,14,0.15432098765432098,0.024844720496894408,SP,SP,0.6234567901234568,0.4347826086956521,0,0,0,0,UFA,26569,361,163,19,8875000,8000000,7000000,8000000,0.064,0.077,8875000,8000000,5173.924900000001,0.0,71.93,0.0,14000000,7000000,7000000,82000000,8750000,14000000,21000000,7000000,101,70,3.7636,0.09,1.94,0.3,1.4161,1.7689000000000001,1.19,1.33,1,2,2500,64,50,8,196,1,14,1,15.998748893325754,15.761420707019587,15.998748893325754
MIA,BOS,5.718369351669941,5.721339712918669,2019,2017,2017,2,2,1,1,1,3025,2209,55,47,0,0,6,6,2,1,1225,529,1225,529,35,23,35,23,2.9834710743801653,14.877551020408164,1.7272727272727273,3.857142857142857,0.15826872328806543,0.07934933544931559,0.39783001808318263,0.2816901408450704,0.47219015790902175,1.1805237865826752,0.6871609403254973,1.0865191146881288,32.3761,17.3889,5.69,4.17,30,29,31,BOS,Miami Marlins,Boston Red Sox,Florida,16935000,11935000,3058.0899999999997,2470.09,55.3,49.7,0,0,55,53,162,161,Junichi Tazawa,25,4,5,2,5000000,3375000,2,13,200.0,200.0,2,22,0.3395061728395062,0.32919254658385094,RP,RP,0.4753086419753086,0.577639751552795,0,0,0,0,UFA,1444,2916,38,54,5000000,3375000,5000000,3375000,0.045,0.016,5000000,3375000,10.758399999999998,420.25,3.28,20.5,12000000,6000000,3375000,57250000,230000000,12000000,3375000,6000000,77,93,1.3422542342573305,0.07840000000000001,1.1585569620253164,0.28,1.9320999999999997,1.5129,1.39,1.23,2,8,484,196,22,14,9,9,3,3,15.424948470398375,15.424948470398375,15.424948470398375
SEA,WSH,6.2,6.2,2019,2017,2017,2,2,1,0,0,841,2116,29,46,0,0,2,11,1,1,256,289,196,196,14,14,16,17,1.5625,2.5160523186682524,1.25,1.5862068965517242,0.4082924190305096,0.37749569089342133,0.6389776357827476,0.6144067796610169,0.6379569047351712,0.9497989083596666,0.7987220447284344,0.9745762711864406,16.160399999999996,7.1289,4.02,2.67,31,30,31,WSH,Seattle Mariners,Washington Nationals,Washington,14797599,9297599,979.69,2227.84,31.3,47.2,0,0,64,70,162,161,Marc Rzepczynski,4,0,2,0,5500000,628688,0,1,220.0,220.0,4,4,0.3950617283950617,0.43478260869565216,RP,RP,0.4814814814814814,0.5838509316770186,1,0,1,0,UFA,625,2116,25,46,5500000,628688,5500000,2950000,0.034,0.005,5500000,2950000,88.17210000000001,658.4356,9.39,25.66,11000000,5500000,2950000,11535000,68750000,11000000,2950000,5500000,78,94,0.04409999999999999,0.6889,0.21,0.83,2.4336,2.5281000000000002,1.56,1.59,0,0,400,841,20,29,4,1,2,1,15.520258650202699,15.520258650202699,15.520258650202699
OAK,SF,6.0,6.0,2019,2017,2017,2,2,3,0,3,3364,2500,58,50,500000,0,5,8,5,5,841,529,784,529,28,23,29,23,6.712809917355371,11.70360110803324,2.590909090909091,3.4210526315789473,0.13904050560183856,0.10731272294887038,0.3728813559322034,0.3275862068965517,0.933352484918127,1.2559453032104635,0.9661016949152542,1.1206896551724137,18.232899999999997,12.7449,4.27,3.57,36,32,36,SF,Oakland Athletics,San Francisco Giants,California,31343000,25843000,3481.0,3364.0,59.0,58.0,0,0,63,62,162,161,Santiago Casilla,25,25,5,5,5500000,6500000,15,23,210.0,210.0,26,26,0.3888888888888889,0.38509316770186336,RP,RP,0.4629629629629629,0.5341614906832298,256,961,16,31,UFA,3249,4225,57,65,5000000,6500000,4500000,6500000,0.068,0.036,5000000,6500000,623.5008999999999,2608.1449000000002,24.97,51.07,11000000,5500000,5000000,34500000,251000000,11000000,15000000,5500000,75,86,0.1936,0.5328999999999999,0.44,0.73,1.8496000000000004,1.4161,1.36,1.19,9,8,484,361,22,19,16,4,4,2,15.424948470398375,15.319587954740548,15.424948470398375
PIT,ARI,6.3,6.3,2019,2017,2017,2,2,1,1,1,3364,4225,58,65,0,0,2,7,2,1,1156,1600,961,1225,31,35,34,40,4.0,6.950413223140496,2.0,2.6363636363636362,0.2860602749225745,0.1331100165287438,0.5348460291734197,0.3648424543946932,1.144241099690298,0.9251696190138309,1.0696920583468394,0.9618573797678276,20.430399999999995,27.248399999999997,4.52,5.22,29,28,30,ARI,Pittsburgh Pirates,Arizona Diamondbacks,Pennsylvania,11566307,6066307,3806.8900000000003,3636.0899999999997,61.7,60.3,0,0,71,70,162,161,Daniel Hudson,49,4,7,2,5500000,2700000,9,1,215.0,215.0,17,5,0.4382716049382716,0.43478260869565216,RP/CL,RP/CL,0.4629629629629629,0.422360248447205,0,25,0,5,UFA,4356,3364,66,58,5500000,2700000,5500000,2700000,0.055,0.028,5500000,2700000,25.401600000000002,120.34090000000002,5.04,10.97,11000000,5500000,2700000,37000000,218750000,11000000,2700000,5500000,75,68,1.3422542342573305,1.555108761600001,1.1585569620253164,1.2470400000000004,2.1904,2.0736,1.48,1.44,5,1,1089,484,33,22,4,9,2,3,15.520258650202699,15.520258650202699,15.520258650202699
TEX,MIA,6.6,6.6,2018,2017,2017,1,1,1,0,0,24336,20449,156,143,0,0,4,10,2,2,5625,6889,3969,5929,63,77,75,83,1.8056640625,3.4844444444444447,1.34375,1.8666666666666667,0.14739703529000261,0.20661157024793386,0.38392321535692864,0.45454545454545453,0.26614952954220195,0.7199265381083564,0.5158968206358728,0.8484848484848485,11.559999999999999,27.5625,3.4,5.25,30,29,30,MIA,Texas Rangers,Miami Marlins,Texas,26954400,16954400,27788.889999999996,17424.0,166.7,132.0,28,27,28,28,162,160,Andrew Cashner,121,121,11,11,10000000,303686,2,2,235.0,235.0,8,2,0.1728395061728395,0.175,SP,SP,0.4814814814814814,0.49375,0,0,0,0,UFA,7396,12544,86,112,10000000,303686,10000000,7150000,0.061,0.004,10000000,7150000,6559.380099999999,33.872400000000006,80.99,5.82,10000000,10000000,7150000,36000000,84707500,10000000,7150000,10000000,78,79,20.884900000000002,1.555108761600001,4.57,1.2470400000000004,1.7424000000000002,2.3716,1.32,1.54,0,2,4096,3600,64,60,121,25,11,5,16.11809565095832,16.11809565095832,16.11809565095832
ATL,TOR,6.3,6.3,2019,2017,2017,1,1,2,0,2,37249,28224,193,168,0,0,5,13,1,1,9801,9409,8281,6724,91,82,99,97,4.120294052127423,4.0,2.029850746268657,2.0,0.12434903047091411,0.1378216402546141,0.3526315789473684,0.37124337065409546,0.5123545706371191,0.5512865610184564,0.7157894736842105,0.7424867413081909,18.576099999999997,18.922499999999996,4.31,4.35,42,39,42,TOR,Atlanta Braves,Toronto Blue Jays,Georgia,57940000,50440000,36100.0,28798.089999999997,190.0,169.7,31,29,31,31,162,161,R.A. Dickey,100,225,10,15,7500000,12000000,18,2,215.0,215.0,23,7,0.19135802469135801,0.19254658385093168,SP,SP,0.4444444444444444,0.546583850931677,0,0,0,0,UFA,18496,15876,136,126,7500000,12000000,7500000,12000000,0.071,0.079,7500000,12000000,2705.0400999999997,229.2196,52.01,15.14,8000000,8000000,12500000,34525000,65800000,8000000,25000000,8000000,72,88,4.6225,0.1521,2.15,0.39,1.8769000000000002,1.8496000000000004,1.37,1.36,3,2,4489,3969,67,63,100,100,10,10,15.830413578506539,15.830413578506539,15.830413578506539
PIT,TOR,6.4,6.4,2018,2017,2017,1,1,2,1,3,1849,1369,43,37,0,0,2,13,2,1,784,289,676,225,26,15,28,17,4.37190082644628,4.694444444444444,2.090909090909091,2.1666666666666665,0.19129754277515823,0.25,0.437375745526839,0.5,0.836333885355857,1.173611111111111,0.9145129224652088,1.0833333333333333,21.622500000000002,7.896100000000001,4.65,2.81,39,36,40,TOR,Pittsburgh Pirates,Toronto Blue Jays,Pennsylvania,54447500,46947500,2530.0899999999997,2304.0,50.3,48.0,0,0,52,51,162,161,Joaquin Benoit,36,1,6,1,2581992,2827868,9,2,250.0,250.0,17,7,0.32098765432098764,0.3167701863354037,RP,RP,0.4629629629629629,0.546583850931677,4,1,2,1,UFA,2116,2704,46,52,2581992,2827868,7500000,7500000,0.026,0.019,7500000,7500000,74.47690000000001,116.85610000000001,8.63,10.81,7500000,7500000,7750000,37000000,65800000,7500000,15500000,7500000,75,88,0.32489999999999997,1.555108761600001,0.57,1.2470400000000004,1.6641000000000001,1.6129,1.29,1.27,5,2,484,576,22,24,1,9,1,3,14.76407175201057,15.830413578506539,15.830413578506539
NYM,NYM,6.6,6.6,2019,2017,2017,1,1,1,0,0,1849,1296,43,36,0,0,2,9,2,2,256,196,256,169,16,13,16,14,8.265625,12.017777777777779,2.875,3.466666666666667,0.23990004164931278,0.12755102040816327,0.4897959183673469,0.35714285714285715,1.982923781757601,1.5328798185941044,1.4081632653061225,1.2380952380952381,8.6436,7.7841000000000005,2.94,2.79,33,32,33,NYM,New York Mets,New York Mets,New York,17785000,12285000,2401.0,1764.0,49.0,42.0,0,0,75,73,162,161,Jerry Blevins,0,4,0,2,5500000,5000000,5,5,190.0,190.0,9,9,0.46296296296296297,0.453416149068323,RP,RP,0.4320987654320987,0.5403726708074534,1,4,1,2,UFA,4761,2704,69,52,5500000,5000000,5500000,4000000,0.038,0.034,5500000,5000000,954.81,1665.4561,30.9,40.81,6500000,6500000,4000000,116500000,48757500,6500000,4000000,6500000,70,87,1.9880999999999998,1.0404,1.41,1.02,1.8769000000000002,1.4641,1.37,1.21,2,2,576,225,24,15,36,16,6,4,15.520258650202699,15.520258650202699,15.520258650202699
CHC,BOS,6.2,6.2,2018,2017,2017,1,1,2,1,2,1444,1156,38,34,0,0,3,6,2,1,441,324,361,324,19,18,21,18,17.361111111111114,32.80165289256199,4.166666666666667,5.7272727272727275,0.07787993510005409,0.05477591670439113,0.27906976744186046,0.23404255319148937,1.3520822065981613,1.7967406066093257,1.1627906976744187,1.3404255319148937,15.8404,11.902500000000002,3.98,3.45,41,39,42,BOS,Chicago Cubs,Boston Red Sox,Illinois,50650000,44650000,1849.0,2209.0,43.0,47.0,0,0,49,50,162,161,Koji Uehara,16,9,4,3,6000000,9000000,17,13,195.0,195.0,19,22,0.30246913580246915,0.3105590062111801,RP,RP,0.5679012345679012,0.577639751552795,4,49,2,7,UFA,2500,3969,50,63,6000000,9000000,6000000,9000000,0.035,0.043,6000000,9000000,319.6944,325.8025,17.88,18.05,6000000,6000000,9000000,16000000,230000000,6000000,18000000,6000000,92,93,0.0256,0.5328999999999999,0.16,0.73,1.3456,0.9216,1.16,0.96,3,8,144,121,12,11,9,4,3,2,15.60727002719233,15.60727002719233,15.60727002719233
LAA,LAD,6.2,6.2,2018,2017,2017,1,1,1,0,0,21904,5041,148,71,0,0,4,8,5,5,6889,1296,6724,1089,82,33,83,36,6.993086419753086,12.25,2.6444444444444444,3.5,0.10633270321361059,0.07217643127645355,0.32608695652173914,0.26865671641791045,0.7435937828187357,0.8841612831365561,0.8623188405797102,0.9402985074626866,28.622499999999995,19.624899999999997,5.35,4.43,33,32,33,LAD,Los Angeles Angels,Los Angeles Dodgers,California,15142094,8592094,19044.0,4489.0,138.0,67.0,21,0,38,62,162,161,Jesse Chavez,121,4,11,2,6550000,1377049,1,25,175.0,175.0,10,30,0.2345679012345679,0.38509316770186336,RP,RP,0.4938271604938271,0.5652173913043478,0,0,0,0,UFA,14161,3969,119,63,6550000,1377049,5750000,4000000,0.039,0.005,6550000,4000000,0.0,151.0441,0.0,12.29,5750000,5750000,4000000,24750000,79750000,5750000,4000000,5750000,80,91,1.3422542342573305,1.555108761600001,1.1585569620253164,1.2470400000000004,1.9599999999999997,1.7689000000000001,1.4,1.33,1,6,2025,324,45,18,49,9,7,3,15.694975607611434,15.564710412773533,15.694975607611434
WSH,LAD,6.3,6.3,2018,2017,2017,1,1,1,0,0,2704,3025,52,55,0,0,4,8,1,5,841,529,784,484,28,22,29,23,9.0,9.467455621301776,3.0,3.076923076923077,0.08611508848452733,0.10562500000000001,0.29345372460496616,0.325,0.7750357963607458,1.0,0.8803611738148984,1.0,32.2624,6.1504,5.68,2.48,36,35,36,LAD,Washington Nationals,Los Angeles Dodgers,Washington DC,55598500,54598500,1962.4899999999998,6400.0,44.3,80.0,0,0,51,75,163,161,Joe Blanton,16,4,4,2,1000000,4000000,1,25,252.0,252.0,5,30,0.3128834355828221,0.4658385093167702,RP,RP,0.5950920245398773,0.5652173913043478,0,0,0,0,UFA,1521,6400,39,80,4000000,4000000,4000000,4000000,0.022,0.015,4000000,4000000,9.302499999999998,5777.520100000001,3.05,76.01,4000000,4000000,4000000,10400000,79750000,4000000,4000000,4000000,97,91,1.3422542342573305,3.5721,1.1585569620253164,1.89,2.1609,1.0201,1.47,1.01,0,6,169,676,13,26,4,49,2,7,15.201804919084164,15.201804919084164,15.201804919084164
CIN,SEA,5.718369351669941,5.721339712918669,2018,2017,2017,1,1,1,0,0,3249,3136,57,56,0,0,2,8,2,1,1024,900,729,900,27,30,32,30,4.355387523629489,13.633136094674558,2.0869565217391304,3.6923076923076925,0.1767994946676069,0.06322744295500377,0.4204753199268738,0.2514506769825919,0.7700303132592936,0.8619883347238382,0.8775137111517367,0.9284332688588007,19.802500000000002,27.352900000000005,4.45,5.23,29,28,29,SEA,Cincinnati Reds,Seattle Mariners,Ohio,26091750,22941750,2992.09,2672.8900000000003,54.7,51.7,0,0,58,57,162,161,Drew Storen,4,9,2,3,3150000,2356557,10,0,195.0,195.0,15,4,0.35802469135802467,0.35403726708074534,RP,RP,0.419753086419753,0.5341614906832298,1,9,1,3,UFA,2304,2304,48,48,3150000,2356557,3000000,8375000,0.033,0.016,3150000,6250000,115.1329,15.6816,10.73,3.96,3000000,3000000,8375000,5300000,35100000,3000000,8375000,3000000,68,86,1.3422542342573305,0.06760000000000001,1.1585569620253164,0.26,2.1315999999999997,1.7956000000000003,1.46,1.34,5,0,529,169,23,13,16,16,4,4,14.962913010801817,14.914122846632385,14.962913010801817
ARI,MIA,5.718369351669941,5.721339712918669,2018,2017,2017,1,1,1,1,1,1600,2916,40,54,0,0,5,10,1,2,841,729,676,625,26,25,29,27,6.25,4.0,2.5,2.0,0.2210530102122567,0.3210532610709437,0.47016274864376134,0.5666156202143952,1.3815813138266042,1.2842130442837747,1.1754068716094033,1.1332312404287903,17.892900000000004,11.833599999999999,4.23,3.44,39,38,40,MIA,Arizona Diamondbacks,Miami Marlins,Arizona,44207500,39807500,3058.0899999999997,4264.089999999999,55.3,65.3,0,0,61,67,162,160,Fernando Rodney,16,16,4,4,4000000,3330616,1,2,240.0,240.0,6,2,0.3765432098765432,0.41875,RP,RP,0.5740740740740741,0.49375,1521,625,39,25,UFA,4225,5476,65,74,4000000,830616,2750000,1600000,0.039,0.011,4000000,4100000,7250.522500000001,1396.5168999999999,85.15,37.37,2750000,2750000,2000000,9750000,84707500,2750000,2000000,2750000,93,79,0.06760000000000001,1.555108761600001,0.26,1.2470400000000004,1.4161,1.9320999999999997,1.19,1.39,1,2,676,1369,26,37,25,4,5,2,15.201804919084164,14.827111469642754,15.201804919084164
WSH,SD,5.718369351669941,5.721339712918669,2018,2017,2017,1,1,1,0,0,7396,8464,86,92,0,0,4,13,1,5,2809,3136,1936,3025,44,55,53,56,4.280618311533889,2.2135633551457468,2.0689655172413794,1.4878048780487805,0.14560249307479226,0.23823696145124715,0.3815789473684211,0.4880952380952381,0.6232686980609419,0.5273526077097506,0.7894736842105263,0.7261904761904762,27.144099999999998,34.692099999999996,5.21,5.89,33,32,33,SD,Washington Nationals,San Diego Padres,Washington DC,84124325,81259061,5776.0,7056.0,76.0,84.0,13,13,22,24,163,161,Edwin Jackson,36,49,6,7,415264,216294,1,2,210.0,210.0,5,5,0.13496932515337423,0.14906832298136646,SP,SP,0.5950920245398773,0.422360248447205,0,0,0,0,UFA,3600,3721,60,61,415264,216294,1000000,507500,0.002,0.003,1000000,507500,151.29000000000002,89.8704,12.3,9.48,2450000,1000000,507500,10400000,12120000,1000000,507500,2450000,97,68,1.3422542342573305,1.555108761600001,1.1585569620253164,1.2470400000000004,2.2801,2.4964000000000004,1.51,1.58,0,0,841,1681,29,41,25,25,5,5,12.936669741536956,13.815510557964274,13.815510557964274
CIN,TOR,6.6,6.6,2018,2017,2017,1,1,3,1,3,13456,7569,116,87,0,0,2,13,2,1,3844,1764,3481,1156,59,34,62,42,7.060408163265306,8.686980609418281,2.657142857142857,2.9473684210526314,0.09888849333491553,0.06088716478326868,0.31446540880503143,0.24675324675324675,0.6981931255948446,0.5289256198347108,0.8355795148247979,0.7272727272727273,22.752899999999997,15.760900000000001,4.77,3.97,33,30,34,TOR,Cincinnati Reds,Toronto Blue Jays,Ohio,54484313,51484313,12387.689999999999,5929.0,111.3,77.0,21,5,21,40,162,161,Scott Feldman,49,16,7,4,3000000,2754098,10,2,225.0,225.0,15,7,0.12962962962962962,0.2484472049689441,SP,SP,0.419753086419753,0.546583850931677,0,0,0,0,UFA,8649,3136,93,56,3000000,2754098,2300000,8000000,0.031,0.018,3000000,8000000,1383.0960999999998,63.2025,37.19,7.95,2300000,2300000,10000000,5300000,65800000,2300000,30000000,2300000,68,88,0.2304,0.1444,0.48,0.38,1.8496000000000004,1.9043999999999996,1.36,1.38,5,2,1225,361,35,19,49,49,7,7,14.914122846632385,14.648419680899378,14.914122846632385
MIN,WSH,6.3,6.3,2018,2017,2017,1,1,1,1,1,2209,1849,47,43,0,0,2,11,1,1,961,169,729,81,27,9,31,13,6.024793388429752,20.897959183673468,2.4545454545454546,4.571428571428571,0.13763724623132728,0.02335958505749319,0.3709949409780776,0.15283842794759828,0.8292359710961783,0.4881676550790413,0.9106239460370995,0.6986899563318778,16.81,3.1329000000000002,4.1,1.77,36,35,37,WSH,Minnesota Twins,Washington Nationals,Minnesota,26974500,24924500,3516.49,2097.64,59.3,45.8,0,0,61,40,162,161,Matt Belisle,4,0,2,0,2050000,1250000,6,1,230.0,230.0,15,4,0.3765432098765432,0.2484472049689441,RP,RP,0.5246913580246914,0.5838509316770186,81,0,9,0,UFA,2916,1024,54,32,2050000,1250000,2050000,1250000,0.017,0.009,2050000,1250000,1574.5024,0.0,39.68,0.0,2050000,2050000,1250000,26550000,68750000,2050000,1250000,2050000,85,94,0.016900000000000002,1.3224999999999998,0.13,1.15,1.3456,1.1881000000000002,1.16,1.09,3,0,484,49,22,7,4,0,2,0,14.53335035111459,14.53335035111459,14.53335035111459
CHC,BAL,6.0,6.0,2018,2017,2017,1,1,1,1,1,3364,169,58,13,0,0,3,8,2,1,361,36,361,36,19,6,19,6,11.484567901234568,11.111111111111112,3.388888888888889,3.3333333333333335,0.08347740055497013,0.05087907739272994,0.28892455858747995,0.22556390977443608,0.9587018748921107,0.5653230821414438,0.9791332263242376,0.7518796992481203,7.507600000000001,16.4025,2.74,4.05,33,32,34,BAL,Chicago Cubs,Baltimore Orioles,Illinois,10302500,8302500,3881.2899999999995,176.89000000000001,62.3,13.3,0,0,68,14,162,161,Brian Duensing,1,0,1,0,2000000,507500,17,7,200.0,200.0,19,14,0.41975308641975306,0.08695652173913043,RP,RP,0.5679012345679012,0.546583850931677,0,0,0,0,UFA,3721,100,61,10,2000000,341079,2000000,507500,0.012,0.002,2000000,507500,3000.8484000000003,0.0,54.78,0.0,2000000,2000000,507500,16000000,220260000,2000000,507500,2000000,92,88,1.9320999999999997,0.0256,1.39,0.16,1.4884,1.44,1.22,1.2,3,3,324,9,18,3,1,1,1,1,14.508657738524219,14.508657738524219,14.508657738524219
SD,LAA,6.3,6.3,2018,2017,2017,1,1,1,1,1,24649,23409,157,153,0,0,4,9,5,5,6724,6561,6084,5929,78,77,82,81,4.515625,4.681322314049586,2.125,2.1636363636363636,0.15946799704319753,0.1458815586419753,0.39933444259567386,0.3819444444444444,0.7200976741481888,0.6829185956790123,0.8485856905158069,0.8263888888888888,15.132100000000001,23.136099999999995,3.89,4.81,28,27,29,LAA,San Diego Padres,Los Angeles Angels,California,12314609,10564609,32508.090000000004,20736.0,180.3,144.0,32,22,34,34,162,161,Jhoulys Chacin,100,64,10,8,1750000,1100000,2,1,215.0,215.0,5,10,0.20987654320987653,0.2111801242236025,SP,SP,0.4382716049382716,0.453416149068323,0,0,0,0,UFA,23409,14161,153,119,1750000,877593,1750000,1100000,0.023,0.005,1750000,1100000,6353.684099999999,709.6896,79.71,26.64,1750000,1750000,1100000,8250000,12525000,1750000,1100000,1750000,71,73,6.969600000000001,1.555108761600001,2.64,1.2470400000000004,1.6129,2.0736,1.27,1.44,0,1,5184,3025,72,55,169,36,13,6,14.375126345899696,14.375126345899696,14.375126345899696
SD,SD,6.5,6.5,2020,2017,2017,1,2,1,0,0,57600,6561,240,81,0,0,4,13,5,5,12996,1225,11025,676,105,26,114,35,6.550129273197356,1.7492195629552547,2.559322033898305,1.3225806451612903,0.08942312706587073,0.20967470965180035,0.2990369994931576,0.45790251107828656,0.5857330422950069,0.3667671039798921,0.7653319817536746,0.6056129985228951,22.9441,11.9716,4.79,3.46,33,32,33,SD,San Diego Padres,San Diego Padres,California,14450418,11700418,38927.29,4583.29,197.3,67.7,32,9,32,37,162,161,Clayton Richard,225,16,15,4,2750000,158061,2,2,240.0,240.0,5,5,0.19753086419753085,0.22981366459627328,SP,SP,0.4382716049382716,0.422360248447205,0,1,0,1,UFA,22801,1681,151,41,2750000,158061,1750000,507500,0.035,0.002,2750000,507500,1624.8961000000002,201.0724,40.31,14.18,1750000,3000000,507500,8250000,12120000,6000000,507500,1750000,71,68,0.4096,1.555108761600001,0.64,1.2470400000000004,2.2801,2.7224999999999997,1.51,1.65,0,0,3481,961,59,31,64,9,8,3,14.827111469642754,14.375126345899696,14.827111469642754
KC,CHC,6.4,6.4,2018,2017,2017,1,1,1,1,1,8281,2401,91,49,0,0,4,15,2,2,2500,484,2116,400,46,20,50,22,3.7377777777777776,3.555918367346939,1.9333333333333333,1.8857142857142857,0.2869897959183673,0.28379539857615793,0.5357142857142857,0.532724505327245,1.0727040816326532,1.0091532703655053,1.0357142857142858,1.004566210045662,24.304899999999996,7.507600000000001,4.93,2.74,28,27,29,CHC,Kansas City Royals,Chicago Cubs,Missouri,37961516,36211516,7056.0,4316.490000000001,84.0,65.7,14,1,21,51,162,160,Trevor Cahill,9,16,3,4,669410,4250000,4,17,230.0,230.0,9,18,0.12962962962962962,0.31875,RP,RP,0.4938271604938271,0.6375,0,0,0,0,UFA,7569,4356,87,66,669410,4250000,1750000,4250000,0.005,0.023,1750000,4250000,0.0,2689.4596,0.0,51.86,1750000,1750000,4250000,43800000,291277500,1750000,4250000,1750000,80,102,1.3422542342573305,0.9409,1.1585569620253164,0.97,2.6244000000000005,1.6384,1.62,1.28,2,3,2025,1225,45,35,16,16,4,4,13.414152006398902,14.375126345899696,14.375126345899696
MIA,MIA,6.3,6.3,2018,2017,2017,1,1,1,1,1,5929,2401,77,49,0,0,6,10,2,2,1764,676,1681,441,41,21,42,26,5.618655692729766,3.6446280991735542,2.3703703703703702,1.9090909090909092,0.12074954159896242,0.24259300512363552,0.34749034749034746,0.4925373134328358,0.67845009929952,0.8841612831365561,0.8236808236808236,0.9402985074626866,22.5625,7.952399999999999,4.75,2.82,34,33,35,MIA,Miami Marlins,Miami Marlins,Florida,10440196,8690196,6037.290000000001,4489.0,77.7,67.0,0,0,63,55,162,160,Dustin McGowan,4,9,2,3,1750000,1000000,2,2,240.0,240.0,2,2,0.3888888888888889,0.34375,RP,RP,0.4753086419753086,0.49375,0,1,0,1,UFA,4096,3969,64,63,1750000,1000000,1750000,1000000,0.016,0.013,1750000,1000000,684.3456,2963.7135999999996,26.16,54.44,1750000,1750000,1000000,57250000,84707500,1750000,1000000,1750000,77,79,1.3422542342573305,0.6084,1.1585569620253164,0.78,1.7956000000000003,1.4884,1.34,1.22,2,2,729,1089,27,33,64,1,8,1,14.375126345899696,14.375126345899696,14.375126345899696
NYM,MIN,6.0,6.0,2018,2017,2017,1,1,1,1,1,4225,7056,65,84,0,0,2,4,2,1,1849,2809,1681,1936,41,44,43,53,7.367346938775511,4.9607438016528915,2.7142857142857144,2.227272727272727,0.08401596303297627,0.10078105316200557,0.2898550724637681,0.3174603174603175,0.6189747480592741,0.49994898479746963,0.7867494824016563,0.7070707070707071,58.216899999999995,32.6041,7.63,5.71,29,28,30,MIN,New York Mets,Minnesota Twins,New York,10669860,9187606,2332.89,4802.49,48.3,69.3,8,12,17,19,162,161,Tom Milone,9,25,3,5,1250000,4500000,5,6,215.0,215.0,9,14,0.10493827160493827,0.11801242236024845,RP,RP,0.4320987654320987,0.3602484472049689,1,0,1,0,UFA,1444,2401,38,49,1017746,4500000,1250000,4500000,0.007,0.046,1250000,4500000,0.0,0.0,0.0,0.0,1250000,1250000,4500000,116500000,1900000,1250000,4500000,1250000,70,58,1.3422542342573305,1.555108761600001,1.1585569620253164,1.2470400000000004,2.6569,2.3409,1.63,1.53,2,3,196,484,14,22,1,9,1,3,13.833100936119232,14.038654109278484,14.038654109278484
MIL,PIT,5.718369351669941,5.721339712918669,2018,0,2017,1,1,1,0,0,2401,3844,49,62,0,0,3,10,1,2,441,576,400,400,20,20,21,24,4.0,2.3884297520661155,2.0,1.5454545454545454,0.16161208050301756,0.13857037743249703,0.40201005025125625,0.3722504230118443,0.6464483220120703,0.330965612214807,0.8040201005025125,0.5752961082910322,9.1204,9.302499999999998,3.02,3.05,31,30,31,PIT,Milwaukee Brewers,Pittsburgh Pirates,Wisconsin,6620236,5207122,3564.09,3492.81,59.7,59.1,0,0,67,67,162,160,Jared Hughes,9,1,3,1,950000,2175000,1,9,240.0,240.0,4,17,0.41358024691358025,0.41875,RP,RP,0.5308641975308642,0.4875,1,1,1,1,UFA,2304,1156,48,34,950000,2175000,950000,2175000,0.014,0.022,950000,2175000,3113.64,716.0976,55.8,26.76,950000,950000,2175000,7550000,25150000,950000,2175000,950000,86,78,1.4884,0.7224999999999999,1.22,0.85,1.4884,2.0164,1.22,1.42,0,5,576,484,24,22,25,1,5,1,13.764217263576723,13.764217263576723,13.764217263576723
MIL,MIL,6.4,6.4,2018,2018,2017,4,4,4,3,2,14641,13689,121,117,0,0,3,8,1,1,5184,4489,3969,2601,63,51,72,67,3.0819753086419754,3.780864197530864,1.7555555555555555,1.9444444444444444,0.1539211118196972,0.12604600679247924,0.3923278116826504,0.35502958579881655,0.4743810661070271,0.4765628343234169,0.6887532693984306,0.6903353057199211,24.5025,20.5209,4.95,4.53,30,30,33,TEX,Milwaukee Brewers,Milwaukee Brewers,Wisconsin,81647900,69147900,13156.09,10281.960000000001,114.7,101.4,22,19,24,19,162,161,Matt Garza,81,64,9,8,12500000,12500000,1,1,215.0,215.0,4,4,0.14814814814814814,0.11801242236024845,SP,SP,0.5308641975308642,0.4472049689440994,0,0,0,0,UFA,6241,4900,79,70,12500000,12500000,12500000,12500000,0.181,0.201,12500000,12500000,208.80249999999998,150.5529,14.45,12.27,50000000,12500000,12500000,7550000,8100000,50000000,50000000,12500000,86,72,1.3422542342573305,1.555108761600001,1.1585569620253164,1.2470400000000004,2.1025,2.2801,1.45,1.51,0,0,2025,1296,45,36,36,36,6,6,16.34123920227253,16.34123920227253,16.34123920227253
LAA,LAA,6.2,6.2,2018,2018,2017,4,4,4,3,2,42025,40804,205,202,0,0,4,9,5,5,10404,10816,9801,9409,99,97,102,104,6.078775267538645,10.710743801652894,2.4655172413793105,3.272727272727273,0.10268306828240897,0.04968337116044546,0.32044198895027626,0.22289766970618033,0.6241872958700894,0.5321458597019614,0.7900552486187845,0.729483282674772,24.2064,19.5364,4.92,4.42,31,31,34,LAD,Los Angeles Angels,Los Angeles Angels,California,76684747,64684747,32761.0,38966.76,181.0,197.4,33,32,33,32,162,161,Ricky Nolasco,225,196,15,14,8000000,4131162,1,1,215.0,215.0,10,10,0.2037037037037037,0.19875776397515527,SP,SP,0.4938271604938271,0.453416149068323,0,0,0,0,UFA,20449,20736,143,144,8000000,4131162,12000000,12000000,0.048,0.024,12000000,12000000,181.44090000000003,1171.6928999999998,13.47,34.23,49000000,12250000,12250000,24750000,12525000,49000000,49000000,12250000,80,73,0.2601,1.9880999999999998,0.51,1.41,2.1025,1.5625,1.45,1.25,1,1,3364,1936,58,44,36,64,6,8,15.89495209964411,16.300417207752275,16.300417207752275
KC,KC,6.0,6.0,2018,2018,2017,4,4,4,4,3,32761,64,181,8,0,0,4,10,2,2,7056,9,6889,9,83,3,84,3,5.33769322235434,13.444444444444443,2.310344827586207,3.6666666666666665,0.10417411818188294,0.0625,0.32276015581524764,0.25,0.5560494845641767,0.8402777777777777,0.7456872565386756,0.9166666666666666,17.305600000000002,5.0625,4.16,2.25,30,30,34,LAA,Kansas City Royals,Kansas City Royals,Missouri,50179500,42179500,32292.089999999997,144.0,179.7,12.0,32,3,32,3,162,161,Jason Vargas,121,0,11,0,8000000,8500000,4,4,215.0,215.0,9,9,0.19753086419753085,0.018633540372670808,SP,SP,0.4938271604938271,0.5031055900621118,0,0,0,0,UFA,17956,121,134,11,8000000,8500000,8000000,8500000,0.054,0.06,8000000,8500000,5291.107599999999,0.0,72.74,0.0,32000000,8000000,8000000,43800000,186750000,32000000,32000000,8000000,80,81,16.9744,0.27040000000000003,4.12,0.52,1.7689000000000001,0.8464,1.33,0.92,2,2,3364,9,58,3,324,0,18,0,15.89495209964411,15.89495209964411,15.89495209964411
CHC,CHC,6.4,6.4,2022,2022,2017,6,6,6,3,2,32041,23716,179,154,5000000,5000000,3,15,2,2,10201,3249,7569,3025,87,55,101,57,9.0,14.352440828402365,3.0,3.7884615384615383,0.11025192871967804,0.06581110606223968,0.3320420586607637,0.2565367538233843,0.9922673584771025,0.9445500056100076,0.9961261759822911,0.9718796250616676,18.7489,5.9536,4.33,2.44,30,30,33,OAK,Chicago Cubs,Chicago Cubs,Illinois,114902403,94902403,32652.489999999994,41087.28999999999,180.7,202.7,32,32,32,33,162,160,Jon Lester,64,25,8,5,20000000,20000000,17,17,240.0,240.0,19,18,0.19753086419753085,0.20625,SP,SP,0.5679012345679012,0.6375,0,0,0,0,UFA,32400,38809,180,197,25000000,25000000,20000000,20000000,0.145,0.136,25000000,25000000,472.6275999999999,7981.6356000000005,21.74,89.34,155000000,25833333,25833333,16000000,291277500,155000000,155000000,25833333,92,102,0.4096,31.6969,0.64,5.63,1.7424000000000002,1.0404,1.32,1.02,3,3,3600,2704,60,52,169,361,13,19,17.034386382832476,16.811242831518264,17.034386382832476
CHW,CHW,6.3,6.3,2019,2019,2017,4,4,4,2,1,13456,43264,116,208,0,0,1,13,2,2,5184,14884,4624,13924,68,118,72,122,3.776788892844429,2.710440214158239,1.9433962264150944,1.646341463414634,0.20520125648330775,0.2036656793343852,0.452991452991453,0.45129334067143645,0.7750018262838775,0.5520236475117744,0.8803418803418803,0.7429829389102918,27.352900000000005,34.2225,5.23,5.85,33,33,35,KC,Chicago White Sox,Chicago White Sox,Illinois,93094900,72094900,13689.0,33014.89,117.0,181.7,21,33,21,33,162,161,James Shields,49,361,7,19,10000000,12114755,6,6,215.0,215.0,9,9,0.12962962962962962,0.20496894409937888,SP,SP,0.4135802469135802,0.484472049689441,0,0,0,0,UFA,10609,18225,103,135,10000000,12114755,21000000,21000000,0.116,0.093,21000000,21000000,37.209999999999994,0.09,6.1,0.3,75000000,18750000,18750000,6000000,17650000,75000000,75000000,18750000,67,78,0.1024,1.555108761600001,0.32,1.2470400000000004,2.0736,2.5600000000000005,1.44,1.6,3,3,2809,6724,53,82,25,36,5,6,16.11809565095832,16.860032995687696,16.860032995687696
MIN,MIN,6.2,6.2,2020,2020,2017,4,4,4,2,1,31329,28561,177,169,0,0,2,4,1,1,7225,6084,5929,4761,77,69,85,78,7.495028218220909,7.903524385902457,2.737704918032787,2.811320754716981,0.08334137779580532,0.08583701479091857,0.2886890676762896,0.29297954671089,0.6246459783249704,0.6784149396130948,0.7903454803596781,0.8236594803758983,10.758399999999998,11.7649,3.28,3.43,32,32,34,ATL,Minnesota Twins,Minnesota Twins,Minnesota,92934360,79434360,44647.69,32724.81,211.3,180.9,33,30,33,30,162,161,Ervin Santana,64,121,8,11,13500000,13500000,6,6,175.0,175.0,15,14,0.2037037037037037,0.18633540372670807,SP,SP,0.5246913580246914,0.3602484472049689,0,0,0,0,UFA,27889,22201,167,149,13500000,13500000,13500000,13500000,0.112,0.139,13500000,13500000,7225.0,4096.0,85.0,64.0,55000000,13750000,13750000,26550000,1900000,55000000,55000000,13750000,85,58,23.4256,15.760900000000001,4.84,3.97,1.2768999999999997,1.5129,1.13,1.23,3,3,3721,2809,61,53,256,49,16,7,16.41820024340866,16.41820024340866,16.41820024340866
LAD,LAD,6.7,6.7,2019,2019,2017,4,4,4,2,1,7921,841,89,29,1500000,1500000,6,8,5,5,1849,576,1681,484,41,22,43,24,7.111111111111111,2.863905325443787,2.6666666666666665,1.6923076923076923,0.08483363182203787,0.42250000000000004,0.2912621359223301,0.65,0.6032613818456027,1.2100000000000002,0.7766990291262136,1.1,15.8404,24.5025,3.98,4.95,31,31,33,NYY,Los Angeles Dodgers,Los Angeles Dodgers,California,62213828,52213828,8593.29,1600.0,92.7,40.0,16,9,19,10,162,161,Brandon McCarthy,16,9,4,3,10000000,11000000,25,25,225.0,225.0,31,30,0.11728395061728394,0.062111801242236024,SP,SP,0.6419753086419753,0.5652173913043478,0,0,0,0,UFA,5184,1936,72,44,11500000,12500000,10000000,11000000,0.044,0.047,11500000,12500000,2571.5041,0.0,50.71,0.0,48000000,12000000,12000000,199600000,79750000,48000000,48000000,12000000,104,91,0.5476,1.555108761600001,0.74,1.2470400000000004,1.5625,1.9043999999999996,1.25,1.38,6,6,729,676,27,26,36,4,6,2,16.25785759333348,16.11809565095832,16.25785759333348
HOU,TOR,6.3,6.3,2018,2018,2017,3,3,3,2,1,11025,24649,105,157,666668,666666,3,13,2,1,4356,9604,3721,7225,61,85,66,98,2.5720897116411536,3.90643598615917,1.6037735849056605,1.9764705882352942,0.2985439472845148,0.2719334562836388,0.5463917525773195,0.5214723926380368,0.7678818152832394,1.0622906394670482,0.8762886597938144,1.030674846625767,32.0356,21.996100000000002,5.66,4.69,31,31,33,PIT,Houston Astros,Toronto Blue Jays,Texas,59293000,46293000,9409.0,26569.0,97.0,163.0,18,29,38,33,162,161,Francisco Liriano,49,169,7,13,4475394,4475409,2,2,218.0,218.0,11,7,0.2345679012345679,0.20496894409937888,RP,RP,0.6234567901234568,0.546583850931677,0,0,0,0,UFA,7225,28224,85,168,4475394,4475409,13000000,13000000,0.032,0.029,13666668,13666666,0.0,0.0,0.0,0.0,39000000,13000000,13000000,82000000,65800000,39000000,39000000,13000000,101,88,1.3422542342573305,1.555108761600001,1.1585569620253164,1.2470400000000004,2.6569,2.2201,1.63,1.49,1,2,2809,7225,53,85,36,64,6,8,15.314104950508124,16.38045991542581,16.430470433561442
HOU,HOU,6.3,6.3,2018,2018,2017,3,3,3,3,2,3844,1444,62,38,0,0,3,3,2,2,961,529,961,441,31,21,31,23,12.25,13.854938271604938,3.5,3.7222222222222223,0.10749798441279225,0.09731804679075717,0.32786885245901637,0.3119584055459272,1.316850309056705,1.3483355309991019,1.1475409836065573,1.1611785095320624,20.884900000000002,10.758399999999998,4.57,3.28,30,30,33,OAK,Houston Astros,Houston Astros,Texas,29629300,23379300,3721.0,3329.2900000000004,61.0,57.7,0,0,65,59,162,161,Luke Gregerson,9,9,3,3,6250000,6250000,2,1,200.0,200.0,11,10,0.4012345679012346,0.36645962732919257,RP,RP,0.6234567901234568,0.5217391304347826,1,225,1,15,UFA,4900,4489,70,67,6250000,6250000,6250000,6250000,0.045,0.061,6250000,6250000,19.8916,2052.9961000000003,4.46,45.31,18500000,6166667,6166667,82000000,26000000,18500000,18500000,6166667,101,84,0.0009,0.2025,0.03,0.45,1.7956000000000003,0.9409,1.34,0.97,1,0,400,324,20,18,4,16,2,4,15.648092021712584,15.648092021712584,15.648092021712584
STL,STL,6.2,6.2,2018,2018,2017,3,3,3,3,2,169,2304,13,48,0,0,2,5,2,2,64,256,64,256,8,16,8,16,4.0,5.49821640903686,2.0,2.3448275862068964,0.10749798441279225,0.2275038954293629,0.32786885245901637,0.4769736842105263,0.429991937651169,1.250865650969529,0.6557377049180327,1.118421052631579,15.4449,5.6169,3.93,2.37,31,31,34,MIL,St. Louis Cardinals,St. Louis Cardinals,Missouri,28695218,23195218,334.89000000000004,3696.64,18.3,60.8,0,0,27,81,162,161,Zach Duke,1,1,1,1,5500000,1748633,23,23,210.0,210.0,28,28,0.16666666666666666,0.5031055900621118,RP,RP,0.5123456790123457,0.5279503105590062,0,4,0,2,UFA,144,4624,12,68,5500000,1748633,5500000,5000000,0.038,0.012,5500000,5000000,0.0,1510.0996,0.0,38.86,15000000,5000000,5000000,113000000,94000000,15000000,15000000,5000000,83,85,0.0484,1.3456,0.22,1.16,1.0816000000000001,1.6129,1.04,1.27,11,11,36,841,6,29,1,4,1,2,15.520258650202699,15.520258650202699,15.520258650202699
BOS,BOS,6.5,6.5,2023,2023,2017,7,7,7,1,0,4225,51529,65,227,0,0,1,6,1,1,900,11236,784,10404,28,102,30,106,10.027777777777777,20.793599999999998,3.1666666666666665,4.56,0.1032241415461041,0.04725897920604915,0.321285140562249,0.21739130434782608,1.0351087527262104,0.9826843100189037,1.0174029451137885,0.991304347826087,11.424399999999999,15.920100000000001,3.38,3.99,30,30,31,TOR,Boston Red Sox,Boston Red Sox,Massachusetts,123042498,93042498,5580.09,52900.0,74.7,230.0,11,35,16,35,162,161,David Price,9,81,3,9,30000000,30000000,13,13,215.0,215.0,23,22,0.09876543209876543,0.21739130434782608,SP,SP,0.5740740740740741,0.577639751552795,0,0,0,0,UFA,5776,51984,76,228,30000000,30000000,30000000,30000000,0.143,0.144,30000000,30000000,0.0,883.2783999999999,0.0,29.72,217000000,31000000,31000000,5500000,230000000,217000000,217000000,31000000,93,93,2.4025000000000003,8.2944,1.55,2.88,1.4161,1.44,1.19,1.2,8,8,576,2500,24,50,36,289,6,17,17.216707939626428,17.216707939626428,17.216707939626428
ARI,ARI,6.2,6.2,2022,2022,2017,6,6,6,1,0,29584,25921,172,161,3000000,3000000,5,7,1,1,6400,6400,5184,5929,72,77,80,80,22.827160493827158,10.68173706127305,4.777777777777778,3.268292682926829,0.04948040685844865,0.06674425040568673,0.22244191794364804,0.258349086326402,1.1294971886576735,0.7129445331853129,1.0627780523974295,0.8443604284814116,10.240000000000002,19.0969,3.2,4.37,32,32,33,LAD,Arizona Diamondbacks,Arizona Diamondbacks,Arizona,167397172,143397172,40925.29000000001,25185.689999999995,202.3,158.7,32,26,33,27,162,161,Zack Greinke,49,49,7,7,24000000,24000000,1,1,200.0,200.0,6,5,0.2037037037037037,0.16770186335403728,SP,SP,0.5740740740740741,0.422360248447205,0,0,0,0,UFA,46225,17956,215,134,34000000,34000000,31000000,31000000,0.331,0.347,34000000,34000000,5181.120400000001,276.22440000000006,71.98,16.62,206500000,34416667,34416667,9750000,218750000,206500000,206500000,34416667,93,68,32.8329,6.3504000000000005,5.73,2.52,1.1449,1.6129,1.07,1.27,1,1,2025,1681,45,41,289,169,17,13,17.341871082580436,17.24949776244942,17.341871082580436
DET,DET,6.2,6.2,2021,2021,2017,5,5,5,2,1,41616,13924,204,118,0,0,1,11,1,1,12321,3969,11664,3249,108,57,111,63,5.479855371900826,6.44378698224852,2.340909090909091,2.5384615384615383,0.07562500000000001,0.06096631611034904,0.275,0.2469135802469136,0.41441406250000007,0.39285395410751545,0.64375,0.6267806267806268,36.9664,23.716900000000003,6.08,4.87,29,29,31,WSH,Detroit Tigers,Detroit Tigers,Michigan,69361000,51361000,25600.0,11088.09,160.0,105.3,29,18,29,19,162,160,Jordan Zimmermann,169,49,13,7,18000000,18000000,11,11,225.0,225.0,16,16,0.17901234567901234,0.11875,SP,SP,0.3950617283950617,0.5375,0,0,0,0,UFA,10609,4356,103,66,18000000,18000000,18000000,18000000,0.096,0.09,18000000,18000000,9.1204,73.4449,3.02,8.57,110000000,22000000,22000000,2000000,272257500,110000000,110000000,22000000,64,86,0.5625,0.22089999999999999,0.75,0.47,2.4025000000000003,1.8769000000000002,1.55,1.37,4,4,1936,676,44,26,64,81,8,9,16.70588231586044,16.70588231586044,16.70588231586044
SF,SF,5.718369351669941,5.721339712918669,2021,2021,2017,5,5,5,2,1,41616,36100,204,190,1800000,1800000,3,8,5,5,11449,7744,10404,7396,102,86,107,88,41.0400390625,9.564128943758574,6.40625,3.0925925925925926,0.023737061968335596,0.07055255766328766,0.15406836783822822,0.2656173143138219,0.9741699504094761,0.6747737588036454,0.9870004814636496,0.8214461387112642,19.5364,14.5161,4.42,3.81,30,30,32,CHW,San Francisco Giants,San Francisco Giants,California,69175000,49675000,43139.28999999999,41330.89000000001,207.7,203.3,32,32,35,34,162,161,Jeff Samardzija,225,121,15,11,19500000,12000000,23,23,240.0,240.0,26,26,0.21604938271604937,0.2111801242236025,SP,SP,0.3950617283950617,0.5341614906832298,0,0,0,0,UFA,42025,27889,205,167,19800000,10800000,18000000,9000000,0.104,0.061,19800000,10800000,1824.1441,2829.1760999999997,42.71,53.19,90000000,18000000,18000000,65250000,251000000,90000000,90000000,18000000,64,86,7.617599999999999,6.760000000000001,2.76,2.6,1.2995999999999999,1.44,1.14,1.2,8,8,1024,2916,32,54,81,144,9,12,16.801192495664765,16.70588231586044,16.801192495664765
SEA,STL,5.718369351669941,5.721339712918669,2021,2021,2017,5,5,5,1,0,40000,41209,200,203,0,0,2,5,1,2,8649,10201,6561,8464,81,92,93,101,12.344777209642075,17.361111111111114,3.5135135135135136,4.166666666666667,0.039571048676147524,0.02882500626943887,0.1989247311827957,0.16977928692699493,0.48849577985894327,0.5004341366222025,0.6989247311827957,0.7074136955291455,15.366399999999999,21.996100000000002,3.92,4.69,28,28,29,SF,Seattle Mariners,St. Louis Cardinals,Washington,61657589,34362500,34596.0,31222.889999999996,186.0,176.7,31,30,32,34,162,161,Mike Leake,169,144,13,12,15000000,12000000,0,23,170.0,170.0,4,28,0.19753086419753085,0.2111801242236025,SP,SP,0.4814814814814814,0.5279503105590062,0,0,0,0,UFA,16900,15625,130,125,2704911,12000000,15000000,12000000,0.017,0.08,15000000,12000000,1754.7721000000001,365.5744,41.89,19.12,80000000,16000000,16000000,11535000,94000000,80000000,80000000,16000000,78,85,0.9409,0.3844,0.97,0.62,1.6129,1.7424000000000002,1.27,1.32,0,11,1369,900,37,30,100,81,10,9,14.810579567688164,16.523560759066484,16.523560759066484
MIA,MIA,5.718369351669941,5.721339712918669,2022,2022,2017,5,5,5,1,0,625,17956,25,134,6500000,6500000,6,10,2,2,196,4761,196,4624,14,68,14,69,7.716049382716049,17.361111111111114,2.7777777777777777,4.166666666666667,0.07438016528925619,0.037887533225590665,0.2727272727272727,0.19464720194647203,0.573921028466483,0.6577696740553934,0.7575757575757576,0.8110300081103001,14.5924,24.6016,3.82,4.96,30,30,31,BAL,Miami Marlins,Miami Marlins,Florida,35916000,21916000,1089.0,15202.89,33.0,123.3,5,22,9,22,162,160,Wei-Yin Chen,1,25,1,5,9500000,3000000,2,2,200.0,200.0,2,2,0.05555555555555555,0.1375,SP,SP,0.4753086419753086,0.49375,0,0,0,0,UFA,625,10000,25,100,15500000,12500000,9000000,6000000,0.14,0.161,15500000,12500000,0.0,72.59039999999999,0.0,8.52,80000000,16000000,16000000,57250000,84707500,80000000,80000000,16000000,77,79,0.16809999999999997,1.555108761600001,0.41,1.2470400000000004,1.0609,1.6384,1.03,1.28,2,2,81,576,9,24,4,25,2,5,16.556350581889475,16.012735135300492,16.556350581889475
KC,KC,6.0,6.0,2021,2021,2017,5,5,5,1,0,20449,29929,143,173,0,0,4,10,2,2,9801,6561,8464,6400,92,80,99,81,4.61193227626982,7.7722681359045005,2.1475409836065573,2.787878787878788,0.15689829650868614,0.11408768094002382,0.3961038961038961,0.33776867963152507,0.7236043177601619,0.8867200472693861,0.8506493506493507,0.9416581371545547,28.944399999999998,13.5424,5.38,3.68,31,31,32,SD,Kansas City Royals,Kansas City Royals,Missouri,45613700,32113700,23716.0,38181.16,154.0,195.4,30,33,30,33,162,161,Ian Kennedy,169,121,13,11,13500000,7500000,4,4,205.0,205.0,9,9,0.18518518518518517,0.20496894409937888,SP,SP,0.4938271604938271,0.5031055900621118,0,0,0,0,UFA,17161,33856,131,184,13500000,7500000,13500000,7500000,0.091,0.053,13500000,7500000,119.4649,2921.4024999999997,10.93,54.05,70000000,14000000,14000000,43800000,186750000,70000000,70000000,14000000,80,81,0.4096,18.3184,0.64,4.28,1.7689000000000001,1.4884,1.33,1.22,2,2,3721,4356,61,66,25,121,5,11,16.41820024340866,16.41820024340866,16.41820024340866
TOR,TOR,6.5,6.5,2019,2019,2017,3,3,3,1,0,21025,28224,145,168,0,0,6,13,1,1,4096,5184,3249,4761,57,69,64,72,9.52930056710775,7.380277777777779,3.0869565217391304,2.716666666666667,0.10022693158280395,0.09467455621301776,0.31658637302133513,0.3076923076923077,0.9550925559714835,0.698724523339908,0.9772883688919476,0.8358974358974359,12.460899999999999,10.1761,3.53,3.19,33,33,34,PIT,Toronto Blue Jays,Toronto Blue Jays,Toronto,43489000,30489000,21112.090000000004,38025.0,145.3,195.0,25,32,25,32,162,161,J.A. Happ,121,16,11,4,13000000,10000000,2,2,205.0,205.0,7,7,0.15432098765432098,0.19875776397515527,SP,SP,0.4691358024691358,0.546583850931677,0,0,0,0,UFA,20164,26569,142,163,13000000,10000000,13000000,10000000,0.074,0.066,13000000,10000000,4851.1225,7449.4161,69.65,86.31,36000000,12000000,12000000,70000000,65800000,36000000,36000000,12000000,76,88,9.985600000000002,19.9809,3.16,4.47,1.7161000000000002,1.3688999999999998,1.31,1.17,2,2,2116,3600,46,60,100,400,10,20,16.38045991542581,16.38045991542581,16.38045991542581
CHC,CHC,6.6,6.6,2018,2018,2017,2,2,2,1,0,27225,21316,165,146,0,0,3,15,2,2,8649,5476,7569,4900,87,70,93,74,7.903524385902457,11.53435386258455,2.811320754716981,3.3962264150943398,0.09640170098038713,0.0792229662556417,0.31048623315758644,0.281465746149761,0.7619131945409663,0.9137857268361662,0.8728763913298184,0.9559214020180562,21.068099999999998,11.2225,4.59,3.35,37,37,38,STL,Chicago Cubs,Chicago Cubs,Illinois,153992500,137992500,29138.489999999994,35456.89000000001,170.7,188.3,30,29,32,29,162,160,John Lackey,144,64,12,8,16000000,16000000,17,17,235.0,235.0,19,18,0.19753086419753085,0.18125,SP,SP,0.5679012345679012,0.6375,0,0,0,0,UFA,22201,32400,149,180,16000000,16000000,16000000,16000000,0.093,0.087,16000000,16000000,644.6521,5209.952400000001,25.39,72.18,32000000,16000000,16000000,16000000,291277500,32000000,32000000,16000000,92,102,1.1236000000000002,8.1225,1.06,2.85,1.6384,1.1236000000000002,1.28,1.06,3,3,2809,2809,53,53,144,121,12,11,16.588099280204055,16.588099280204055,16.588099280204055
BAL,BAL,6.4,6.4,2020,2020,2017,4,4,4,1,0,1681,625,41,25,0,0,5,8,1,1,576,169,529,169,23,13,24,13,10.027777777777777,8.54437869822485,3.1666666666666665,2.923076923076923,0.1584119204970174,0.1758584807492196,0.39800995024875624,0.41935483870967744,1.5885195360950912,1.5026014568158168,1.2603648424543947,1.2258064516129032,11.7649,14.2129,3.43,3.77,33,33,34,BAL,Baltimore Orioles,Baltimore Orioles,Maryland,24493700,18493700,3636.0899999999997,961.0,60.3,31.0,0,0,64,34,162,161,Darren O'Day,9,1,3,1,6000000,5000000,7,7,220.0,220.0,14,14,0.3950617283950617,0.2111801242236025,RP,RP,0.4629629629629629,0.546583850931677,4,9,2,3,UFA,5776,1444,76,38,7000000,6000000,7000000,6000000,0.04,0.04,7000000,6000000,804.2896,0.0,28.36,0.0,31000000,7750000,7750000,55600000,220260000,31000000,31000000,7750000,75,88,1.0816000000000001,0.2304,1.04,0.48,1.1664,1.5129,1.08,1.23,3,3,576,169,24,13,4,9,2,3,15.761420707019587,15.761420707019587,15.761420707019587
TOR,TOR,6.0,6.0,2019,2018,2017,2,1,2,0,0,34596,17424,186,132,500000,500000,6,13,1,1,10816,5329,10609,4624,103,68,104,73,6.144812537195,6.44378698224852,2.4788732394366195,2.5384615384615383,0.1457104867614753,0.1363959194214876,0.3817204301075269,0.3693181818181818,0.8953636258526998,0.87890625,0.946236559139785,0.9375,24.800400000000003,12.1104,4.98,3.48,33,32,33,TOR,Toronto Blue Jays,Toronto Blue Jays,Toronto,36406808,22406808,34596.0,30976.0,186.0,176.0,33,29,33,29,162,161,Marco Estrada,81,81,9,9,14000000,12000000,2,2,180.0,180.0,7,7,0.2037037037037037,0.18012422360248448,SP,SP,0.4691358024691358,0.546583850931677,0,0,0,0,UFA,30976,27225,176,165,14500000,11500000,14000000,11000000,0.083,0.076,14500000,11500000,856.1476000000001,4686.771599999999,29.26,68.46,26000000,13000000,13000000,70000000,65800000,13000000,26000000,13000000,76,88,2.9929,13.0321,1.73,3.61,1.9043999999999996,1.2544000000000002,1.38,1.12,2,2,5041,4225,71,65,100,81,10,9,16.489659207390805,16.454567887579532,16.489659207390805
KC,KC,6.3,6.3,2020,2020,2017,3,3,3,2,1,2401,4900,49,70,0,0,4,10,2,2,576,961,529,900,23,30,24,31,10.240000000000002,6.342935528120714,3.2,2.5185185185185186,0.12755102040816327,0.1638610979367887,0.35714285714285715,0.4047976011994003,1.3061224489795917,1.039360379780125,1.1428571428571428,1.0194902548725637,13.690000000000001,16.4025,3.7,4.05,31,31,33,PIT,Kansas City Royals,Kansas City Royals,Missouri,45056500,37056500,3136.0,4448.89,56.0,66.7,0,0,59,70,162,161,Joakim Soria,9,64,3,8,8000000,7000000,4,4,205.0,205.0,9,9,0.36419753086419754,0.43478260869565216,RP/CL,RP/CL,0.4938271604938271,0.5031055900621118,1,1,1,1,UFA,4096,4624,64,68,8000000,7000000,8000000,7000000,0.054,0.049,8000000,7000000,1162.1281000000001,23.4256,34.09,4.84,25000000,8333333,8333333,43800000,186750000,25000000,25000000,8333333,80,81,1.2768999999999997,0.2916,1.13,0.54,1.5129,2.1315999999999997,1.23,1.46,2,2,400,729,20,27,16,25,4,5,15.89495209964411,15.89495209964411,15.89495209964411
SEA,BAL,6.2,6.2,2019,2019,2017,2,2,2,2,1,19044,15876,138,126,0,0,2,8,1,1,7056,5476,6889,5041,83,71,84,74,2.4544444444444444,1.9416823434560602,1.5666666666666667,1.3934426229508197,0.21074211078127372,0.268144620821455,0.45906656465187456,0.5178268251273345,0.517254803017593,0.5206516757417395,0.7192042846212702,0.7215619694397284,32.718399999999995,29.484899999999996,5.72,5.43,29,29,31,TEX,Seattle Mariners,Baltimore Orioles,Washington,67423000,54423000,17082.489999999998,13876.84,130.7,117.8,22,23,28,24,162,161,Yovani Gallardo,100,64,10,8,11000000,9000000,0,7,205.0,205.0,4,14,0.1728395061728395,0.14906832298136646,RP,RP,0.4814814814814814,0.546583850931677,1,0,1,0,UFA,8836,7225,94,85,9000000,9000000,11000000,9000000,0.056,0.06,11000000,9000000,0.0,0.0,0.0,0.0,22000000,11000000,11000000,11535000,220260000,22000000,22000000,11000000,78,88,1.3422542342573305,1.555108761600001,1.1585569620253164,1.2470400000000004,2.2801,2.5281000000000002,1.51,1.59,0,3,3600,3721,60,61,25,36,5,6,16.012735135300492,16.213405830762646,16.213405830762646
WSH,OAK,6.6,6.6,2019,2019,2017,3,3,3,1,0,1444,3969,38,63,166666,166666,4,4,1,5,144,729,144,676,12,26,12,27,55.41975308641975,6.002500000000001,7.444444444444445,2.45,0.023269175524274637,0.09555456284981928,0.15254237288135594,0.3091190108191654,1.2895719620798622,0.5735662635060401,1.1355932203389831,0.7573415765069551,3.3489000000000004,13.1044,1.83,3.62,35,35,36,KC,Washington Nationals,Oakland Athletics,Washington DC,44500000,37000000,3481.0,4186.09,59.0,64.7,0,0,60,63,163,161,Ryan Madson,16,49,4,7,3196752,8250000,1,15,234.0,234.0,5,26,0.36809815950920244,0.391304347826087,RP,RP,0.5950920245398773,0.422360248447205,4,900,2,30,UFA,4489,2401,67,49,3196752,7916666,7500000,6500000,0.018,0.096,7666666,7916666,5593.544100000001,3512.9329000000002,74.79,59.27,22000000,7333333,7333333,10400000,42250000,22000000,22000000,7333333,97,68,2.2201,1.7161000000000002,1.49,1.31,0.6400000000000001,1.6384,0.8,1.28,0,9,81,400,9,20,25,36,5,6,14.97764585230863,15.830413578506539,15.852392398268789
HOU,HOU,6.0,6.0,2019,2019,2017,3,3,3,1,0,1296,2704,36,52,0,0,3,3,2,2,625,676,576,576,24,24,25,26,5.94140625,4.938271604938272,2.4375,2.2222222222222223,0.18400189751956816,0.1696610444627138,0.4289544235924933,0.4118993135011441,1.093230023934622,0.8378323183343892,1.0455764075067024,0.9153318077803203,33.5241,24.5025,5.79,4.95,32,32,33,HOU,Houston Astros,Houston Astros,Texas,18341103,12341103,1391.2899999999997,1909.6900000000003,37.3,43.7,0,0,46,60,162,161,Tony Sipp,1,4,1,2,6000000,6000000,2,1,190.0,190.0,11,10,0.2839506172839506,0.37267080745341613,RP,RP,0.6234567901234568,0.5217391304347826,0,1,0,1,UFA,1521,1600,39,40,6000000,6000000,6000000,6000000,0.043,0.058,6000000,6000000,0.0,0.1521,0.0,0.39,18000000,6000000,6000000,82000000,26000000,18000000,18000000,6000000,101,84,1.3422542342573305,1.555108761600001,1.1585569620253164,1.2470400000000004,1.9320999999999997,2.5600000000000005,1.39,1.6,1,0,256,324,16,18,0,1,0,1,15.60727002719233,15.60727002719233,15.60727002719233
CHW,DET,6.7,6.7,2018,2018,2017,2,1,2,1,1,16129,25921,127,161,0,0,1,11,2,1,7569,5776,6241,5041,79,71,87,76,1.6235691987513006,1.4820415879017015,1.2741935483870968,1.2173913043478262,0.2669444444444445,0.14942447567262201,0.5166666666666667,0.3865546218487395,0.43340277777777775,0.22145328719723184,0.6583333333333333,0.47058823529411764,35.164899999999996,28.8369,5.93,5.37,32,31,33,MIN,Chicago White Sox,Detroit Tigers,Illinois,46897500,38362500,14400.0,14161.0,120.0,119.0,21,22,34,24,162,160,Mike Pelfrey,144,100,12,10,535000,8000000,6,11,240.0,240.0,9,16,0.20987654320987653,0.15,RP,RP,0.4135802469135802,0.5375,0,0,0,0,UFA,6241,3136,79,56,476449,8000000,535000,8000000,0.006,0.04,535000,8000000,0.0,0.0,0.0,0.0,16000000,535000,8000000,6000000,272257500,535000,16000000,8000000,67,86,1.3422542342573305,0.0225,1.1585569620253164,0.15,2.4964000000000004,3.0276,1.58,1.74,3,4,3844,2116,62,46,9,16,3,4,13.074115965918008,13.190022025878143,13.190022025878143
WSH,WSH,6.2,6.2,2019,2019,2017,3,3,3,2,1,841,1681,29,41,0,0,4,11,1,1,441,361,441,289,21,17,21,19,5.165289256198348,52.89256198347107,2.272727272727273,7.2727272727272725,0.17899408284023668,0.03596908442330558,0.4230769230769231,0.1896551724137931,0.9245562130177515,1.902497027348395,0.9615384615384616,1.3793103448275863,52.85289999999999,6.969600000000001,7.27,2.64,31,31,33,SD,Washington Nationals,Washington Nationals,Washington DC,17067500,11567500,676.0,3364.0,26.0,58.0,0,0,33,67,163,161,Shawn Kelley,4,4,2,2,5500000,4200000,1,1,237.0,237.0,5,4,0.20245398773006135,0.4161490683229814,RP,RP,0.5950920245398773,0.5838509316770186,16,49,4,7,UFA,625,6400,25,80,5500000,4200000,5500000,4000000,0.03,0.03,5500000,4200000,0.0,2640.9321,0.0,51.39,15000000,5000000,5000000,10400000,68750000,15000000,15000000,5000000,97,94,1.3422542342573305,2.1315999999999997,1.1585569620253164,1.46,2.3716,0.81,1.54,0.9,0,0,121,121,11,11,9,9,3,3,15.520258650202699,15.520258650202699,15.520258650202699
HOU,NYY,6.3,6.3,2018,2018,2017,2,2,2,2,1,2209,2916,47,54,2000000,2000000,3,4,2,2,1089,729,1024,625,32,25,33,27,5.394380853277836,7.668639053254437,2.3225806451612905,2.769230769230769,0.2642948881903363,0.17031997984378935,0.5140961857379768,0.4126984126984127,1.4257072844731569,1.3061224489795917,1.1940298507462688,1.1428571428571428,22.752899999999997,12.7449,4.77,3.57,30,30,32,NYM,Houston Astros,New York Yankees,Texas,36163999,30013999,3636.0899999999997,3969.0,60.3,63.0,0,0,67,69,162,161,Tyler Clippard,64,36,8,6,1646743,1433879,2,40,200.0,200.0,11,52,0.41358024691358025,0.42857142857142855,RP,RP,0.6234567901234568,0.5217391304347826,25,9,5,3,UFA,5184,5184,72,72,1646743,1433879,4150000,4100000,0.012,0.007,6150000,6100000,119.2464,263.73759999999993,10.92,16.24,12250000,6125000,6125000,82000000,1049914,12250000,12250000,6125000,101,84,0.25,0.24009999999999998,0.5,0.49,1.6641000000000001,1.6129,1.29,1.27,1,27,961,676,31,26,4,16,2,4,14.31430995569688,15.238618892206881,15.631962639782701
TB,SEA,6.6,6.6,2018,2018,2017,2,2,2,2,1,676,1936,26,44,0,0,5,8,2,1,100,441,100,400,10,20,10,21,8.576530612244897,13.097505668934241,2.9285714285714284,3.619047619047619,0.09809367946388799,0.107666015625,0.3131991051454138,0.328125,0.8413034447897741,1.41015625,0.9172259507829977,1.1875,4.0804,7.896100000000001,2.02,2.81,29,29,31,STL,Tampa Bay Rays,Seattle Mariners,Florida,23016915,17016915,1998.0900000000001,4096.0,44.7,64.0,0,0,49,62,162,161,Steve Cishek,4,36,2,6,2163942,5000000,1,0,215.0,215.0,4,4,0.30246913580246915,0.38509316770186336,RP,RP,0.4938271604938271,0.5341614906832298,1,625,1,25,UFA,1681,5776,41,76,2163942,5000000,6000000,4000000,0.028,0.034,6000000,5000000,3227.3761000000004,6088.6809,56.81,78.03,10000000,5000000,5000000,21700000,35100000,10000000,10000000,5000000,80,86,0.1521,2.4336,0.39,1.56,0.81,1.0404,0.9,1.02,0,0,196,441,14,21,9,16,3,4,14.587442116371209,15.60727002719233,15.60727002719233
ATL,COL,6.0,6.0,2018,2018,2017,2,1,2,1,1,784,784,28,28,0,0,5,3,1,1,256,225,256,169,16,13,16,15,1.8225000000000002,9.0,1.35,3.0,0.24147444294864437,0.11394185404760632,0.49140049140049136,0.33755274261603374,0.44008717227390437,1.025476686428457,0.6633906633906633,1.0126582278481013,12.531600000000001,24.403600000000004,3.54,4.94,34,33,35,CHC,Atlanta Braves,Colorado Rockies,Georgia,30231000,24696000,1656.4900000000002,561.6899999999999,40.7,23.7,0,0,46,30,162,161,Jason Motte,0,1,0,1,535000,5000000,18,1,225.0,225.0,23,3,0.2839506172839506,0.18633540372670807,RP,RP,0.4444444444444444,0.4658385093167702,0,0,0,0,UFA,729,576,27,24,461834,5000000,535000,5000000,0.004,0.046,535000,5000000,0.0,0.0,0.0,0.0,10000000,535000,5000000,34525000,43500000,535000,10000000,5000000,72,75,0.5184,1.555108761600001,0.72,1.2470400000000004,1.3923999999999999,2.3104,1.18,1.52,3,0,400,64,20,8,1,0,1,0,13.042960798138212,13.190022025878143,13.190022025878143
WSH,WSH,6.3,6.3,2018,2018,2017,2,2,2,1,0,1024,1444,32,38,0,0,4,11,1,1,289,484,289,484,17,22,17,22,10.5625,5.289999999999999,3.25,2.3,0.1322314049586777,0.25,0.36363636363636365,0.5,1.3966942148760333,1.3224999999999998,1.1818181818181819,1.15,21.5296,24.5025,4.64,4.95,34,34,35,HOU,Washington Nationals,Washington Nationals,Washington DC,61122983,57122983,1089.0,1600.0,33.0,40.0,0,0,50,64,163,161,Oliver Perez,0,9,0,3,4000000,3000000,1,1,225.0,225.0,5,4,0.3067484662576687,0.39751552795031053,RP,RP,0.5950920245398773,0.5838509316770186,1,0,1,0,UFA,1521,2116,39,46,4000000,3000000,4000000,3000000,0.022,0.022,4000000,3000000,68.0625,74.47690000000001,8.25,8.63,7000000,3500000,3500000,10400000,68750000,7000000,7000000,3500000,97,94,0.09,0.0016,0.3,0.04,1.7689000000000001,2.1025,1.33,1.45,0,0,144,400,12,20,0,4,0,2,15.201804919084164,15.201804919084164,15.201804919084164
TEX,TEX,5.718369351669941,5.721339712918669,2018,2018,2017,2,2,2,1,0,4096,2916,64,54,0,0,4,10,2,2,1296,256,1225,196,35,14,36,16,6.712809917355371,9.37890625,2.590909090909091,3.0625,0.14741311306646687,0.07040529799867441,0.38394415357766143,0.26533996683250416,0.9895562073408076,0.6603246894328799,0.9947643979057592,0.812603648424544,30.140100000000004,4.368099999999999,5.49,2.09,32,32,33,ARI,Texas Rangers,Texas Rangers,Texas,3260000,1510000,3283.2899999999995,3636.0899999999997,57.3,60.3,0,0,50,53,162,161,Tony Barnette,1,9,1,3,1750000,1500000,2,2,190.0,190.0,8,8,0.30864197530864196,0.32919254658385094,RP,RP,0.4814814814814814,0.5900621118012422,4,0,2,0,UFA,3249,2401,57,49,1750000,1500000,1750000,1500000,0.011,0.009,1750000,1500000,164.6089,7908.544900000001,12.83,88.93,3500000,1750000,1750000,36000000,20165000,3500000,3500000,1750000,78,95,1.3422542342573305,4.8841,1.1585569620253164,2.21,2.25,1.3456,1.5,1.16,0,0,484,256,22,16,4,49,2,7,14.375126345899696,14.375126345899696,14.375126345899696
