Acronimo,Altura,Anio,Anio_de_agente_libre,Anios_de_contrato_x,Anios_de_contrato_y,Antiguedad,At_bats,At_bats_2,Bateos,Bateos_2,Bateos_promedio,Bateos_promedio_2,Bono_por_firma,Cantidad de equipos,Cantidad_agentes_libres,Dobles,Dobles_2,Edad,Edad_al_firmar,Equipo,Equipo_anterior,Estado,Ganancias,Home_runs,Home_runs_2,Juegos,Juegos totales,Juegos_iniciados,Juegos_iniciados_2,Jugador,Pago_efectivo,Pennants won,Peso,Playoffs,Porcentaje_On_base_plus_slugging,Porcentaje_On_base_plus_slugging_2,Porcentaje_juegos,Porcentaje_juegos_iniciados,Porcentaje_juegos_iniciados_2,Porcentaje_on_base,Porcentaje_on_base_2,Porcentaje_slugging,Porcentaje_slugging_2,Posicion,Promedio_victorias,Runs_batted_in,Runs_batted_in_2,Status_agente_libre,Sueldo_ajustado,Sueldo_base,Sueldo_porcentual,Sueldo_regular,TVS,TVS_2,Triples,Triples_2,Valor_contrato,Valor_contrato_promedio,Valor_contrato_total,Valor_del_contrato,Valor_promedio_contrato,Victorias,WAR,WAR_2,WS ganadas,ln_Sueldo_ajustado,ln_Sueldo_base,ln_Sueldo_regular
SEA,6.0,2014,2024,10,10,0,595,354025,187,34969,0.314,0.098596,0,1,8,37,1369,31,31,Seattle Mariners,NYY,Washington,82071800,14,196,157,161,157,24649,Robinson Cano,24050000,0,210.0,4,0.836,0.698896,0.969,0.969,0.9389609999999999,0.382,0.145924,0.454,0.20611600000000002,2B,0.5341614906832298,82,6724,UFA,24050000,24000000,0.208,24050000,65.45,4283.7025,2,4,240000000,24000000,267800000,240000000,24000000,86,6.34,40.1956,0,16.995645554516045,16.99356438831222,16.995645554516045
NYY,6.1,2014,0,7,7,0,575,330625,156,24336,0.271,0.073441,0,2,9,27,729,30,30,New York Yankees,BOS,New York,43824857,16,256,149,162,143,20449,Jacoby Ellsbury,21142857,40,195.0,50,0.747,0.558009,0.92,0.883,0.779689,0.328,0.10758400000000001,0.419,0.175561,CF,0.5185185185185185,70,4900,UFA,21142857,21142857,0.099,21142857,46.39,2152.0321,5,25,153000000,21857143,311500000,153000000,21857143,84,3.55,12.6025,27,16.866812675916318,16.866812675916318,16.866812675916318
TEX,5.567013527575445,2014,2021,7,7,0,455,207025,110,12100,0.242,0.058564,0,2,7,19,361,31,31,Texas Rangers,CIN,Texas,36704900,13,169,123,162,119,14161,Shin-Soo Choo,14000000,2,210.0,6,0.714,0.5097959999999999,0.759,0.735,0.540225,0.34,0.11560000000000002,0.374,0.139876,RF,0.4135802469135802,40,1600,UFA,14000000,14000000,0.1,14000000,11.49,132.0201,1,1,130000000,18571429,136050000,130000000,18571429,67,1.94391129032258,3.778791104643598,0,16.454567887579532,16.454567887579532,16.454567887579532
NYY,6.3,2014,2020,5,5,1,495,245025,115,13225,0.232,0.053824000000000004,0,2,9,15,225,30,29,New York Yankees,ATL,New York,59699500,23,529,140,162,125,15625,Brian McCann,17000000,40,225.0,50,0.692,0.47886399999999996,0.864,0.772,0.5959840000000001,0.286,0.08179599999999998,0.406,0.164836,C,0.5185185185185185,75,5625,UFA,17000000,17000000,0.08,17000000,14.53,211.12089999999998,1,1,85000000,17000000,311500000,85000000,17000000,84,2.11,4.4521,27,16.64872390202049,16.64872390202049,16.64872390202049
NYM,6.1,2014,2018,4,4,1,564,318096,128,16384,0.227,0.051529000000000005,0,2,10,27,729,33,32,New York Mets,NYY,New York,57905000,20,400,155,162,149,22201,Curtis Granderson,13000000,5,200.0,8,0.714,0.5097959999999999,0.957,0.92,0.8464,0.326,0.10627600000000001,0.388,0.150544,RF,0.4876543209876543,66,4356,UFA,13000000,13000000,0.138,13000000,27.23,741.4729,2,4,60000000,15000000,93775000,60000000,15000000,79,1.22,1.4884,2,16.38045991542581,16.38045991542581,16.38045991542581
STL,6.2,2014,2018,4,4,1,560,313600,147,21609,0.263,0.06916900000000001,0,2,5,38,1444,32,31,St. Louis Cardinals,DET,Missouri,45666700,21,441,157,161,152,23104,Jhonny Peralta,15500000,23,229.0,27,0.779,0.6068410000000001,0.969,0.938,0.8798439999999998,0.336,0.11289600000000001,0.443,0.196249,3B,0.5527950310559007,75,5625,UFA,15500000,15500000,0.128,15500000,69.21,4790.024099999999,0,0,53000000,13250000,59750000,53000000,13250000,89,5.76,33.1776,11,16.556350581889475,16.556350581889475,16.556350581889475
MIL,6.4,2014,2018,4,4,0,49,2401,3,9,0.061,0.003721,0,1,7,1,1,30,30,Milwaukee Brewers,TEX,Wisconsin,44147900,0,0,27,162,27,729,Matt Garza,12500000,1,215.0,4,0.162,0.026244,0.167,0.167,0.027889000000000004,0.08,0.0064,0.082,0.006724000000000001,SP,0.5061728395061729,0,0,UFA,12500000,12500000,0.113,12500000,35.38,1251.7444000000003,0,0,50000000,12500000,57600000,50000000,12500000,82,1.29,1.6641000000000001,0,16.34123920227253,16.34123920227253,16.34123920227253
MIN,6.2,2014,2018,4,4,0,2,4,0,0,0.0,0.0,0,1,7,0,0,31,31,Minnesota Twins,LAD,Minnesota,46182000,0,0,27,162,27,729,Ricky Nolasco,12000000,6,215.0,14,0.0,0.0,0.167,0.167,0.027889000000000004,0.0,0.0,0.0,0.0,SP,0.4320987654320987,0,0,UFA,12000000,12000000,0.137,12000000,7.18,51.5524,0,0,49000000,12250000,97290983,49000000,12250000,70,0.25,0.0625,3,16.300417207752275,16.300417207752275,16.300417207752275
NYY,6.1,2014,2017,3,3,1,403,162409,94,8836,0.233,0.054289000000000004,0,2,9,23,529,37,36,New York Yankees,STL,New York,190303567,15,225,109,162,107,11449,Carlos Beltran,15000000,40,213.0,50,0.703,0.49420899999999995,0.673,0.661,0.43692100000000006,0.301,0.09060099999999999,0.402,0.16160400000000003,DH,0.5185185185185185,49,2401,UFA,15000000,15000000,0.07,15000000,13.52,182.79039999999998,0,0,45000000,15000000,311500000,45000000,15000000,84,1.94391129032258,3.778791104643598,27,16.523560759066484,16.523560759066484,16.523560759066484
BOS,6.1,2014,0,2,2,0,415,172225,103,10609,0.248,0.061503999999999996,0,1,9,20,400,32,32,Boston Red Sox,BOS,Massachusetts,50620000,17,289,119,162,116,13456,Mike Napoli,16000000,13,225.0,21,0.789,0.6225210000000001,0.735,0.716,0.512656,0.37,0.1369,0.419,0.175561,1B,0.4382716049382716,55,3025,UFA,16000000,16000000,0.094,16000000,55.58,3089.1364,0,0,32000000,16000000,56433443,32000000,16000000,71,2.79,7.7841000000000005,8,16.588099280204055,16.588099280204055,16.588099280204055
HOU,6.6,2014,2017,3,3,1,2,4,0,0,0.0,0.0,0,2,8,0,0,31,30,Houston Astros,BAL,Texas,33484313,0,0,29,162,29,841,Scott Feldman,12000000,1,225.0,9,0.0,0.0,0.179,0.179,0.032041,0.0,0.0,0.0,0.0,SP,0.4320987654320987,0,0,UFA,12000000,12000000,0.232,12000000,39.15,1532.7224999999999,0,0,30000000,10000000,43800000,30000000,10000000,70,1.53,2.3409,0,16.300417207752275,16.300417207752275,16.300417207752275
SF,6.1,2014,2016,3,2,0,53,2809,2,4,0.038,0.001444,0,5,7,0,0,38,38,San Francisco Giants,ATL,California,108725000,0,0,31,161,31,961,Tim Hudson,11025000,23,174.0,25,0.127,0.016129,0.191,0.191,0.036481,0.089,0.007921,0.038,0.001444,SP,0.5403726708074534,1,1,UFA,11025000,11000000,0.069,11025000,46.83,2193.0489,0,0,28000000,11500000,25850000,23000000,9333333,87,1.0,1.0,8,16.215675979297185,16.213405830762646,16.215675979297185
MIN,6.5,2014,0,3,3,1,6,36,0,0,0.0,0.0,0,1,7,0,0,28,27,Minnesota Twins,NYY,Minnesota,24591000,0,0,32,162,32,1024,Phil Hughes,8500000,6,240.0,14,0.0,0.0,0.198,0.198,0.039204,0.0,0.0,0.0,0.0,RP,0.4320987654320987,0,0,UFA,8500000,8000000,0.097,8500000,0.0,0.0,0,0,24000000,8000000,97290983,24000000,8000000,70,4.56,20.793599999999998,3,15.955576721460545,15.89495209964411,15.955576721460545
ARI,6.4,2014,2017,2,2,1,27,729,6,36,0.222,0.049284,0,1,8,0,0,37,36,Arizona Diamondbacks,CIN,Arizona,74412044,0,0,15,161,14,196,Bronson Arroyo,9500000,1,185.0,5,0.444,0.197136,0.093,0.086,0.007395999999999999,0.222,0.049284,0.222,0.049284,SP,0.3975155279503105,0,0,UFA,9500000,9500000,0.089,9500000,0.0,0.0,0,0,23500000,11750000,42450000,23500000,11750000,64,0.63,0.39690000000000003,1,16.06680235657077,16.06680235657077,16.06680235657077
OAK,6.0,2014,2016,2,2,1,4,16,0,0,0.0,0.0,2000000,5,5,0,0,30,29,Oakland Athletics,CLE,California,46847000,0,0,32,162,32,1024,Scott Kazmir,11050000,15,185.0,26,0.0,0.0,0.198,0.198,0.039204,0.0,0.0,0.0,0.0,SP,0.5432098765432098,0,0,UFA,9050000,7000000,0.097,9050000,48.65,2366.8224999999998,0,0,22000000,11000000,32800000,22000000,11000000,88,1.92,3.6864,9,16.01827531567611,15.761420707019587,16.01827531567611
MIA,6.4,2014,2017,3,3,1,373,139129,82,6724,0.22,0.0484,0,2,10,20,400,29,28,Miami Marlins,BOS,Florida,15926180,11,121,114,162,104,10816,Jarrod Saltalamacchia,6000000,2,235.0,2,0.681,0.4637610000000001,0.704,0.642,0.41216400000000003,0.32,0.1024,0.362,0.131044,C,0.4753086419753086,44,1936,UFA,6000000,6000000,0.119,6000000,24.06,578.8835999999999,0,0,21000000,7000000,39486387,21000000,7000000,77,0.51,0.2601,2,15.60727002719233,15.60727002719233,15.60727002719233
TB,6.3,2014,2017,3,3,1,600,360000,174,30276,0.29,0.0841,1666666,2,5,27,729,30,29,Tampa Bay Rays,TB,Florida,25433000,9,81,155,162,152,23104,James Loney,6000000,1,235.0,4,0.716,0.512656,0.957,0.938,0.8798439999999998,0.336,0.11289600000000001,0.38,0.1444,1B,0.4753086419753086,69,4761,UFA,2666666,1000000,0.035,2666666,33.67,1133.6689000000001,0,0,21000000,7000000,28150000,21000000,7000000,77,1.19,1.4161,0,14.79633956097597,13.815510557964274,14.79633956097597
PHI,6.0,2014,2016,2,2,0,591,349281,156,24336,0.264,0.06969600000000001,0,2,7,28,784,36,36,Philadelphia Phillies,PIT,Pennsylvania,36214837,25,625,154,162,148,21904,Marlon Byrd,8000000,7,245.0,14,0.757,0.573049,0.951,0.914,0.835396,0.312,0.097344,0.445,0.198025,LF,0.4506172839506173,85,7225,UFA,8000000,8000000,0.046,8000000,57.76,3336.2176,2,4,16000000,8000000,59875000,16000000,8000000,73,3.32,11.0224,2,15.89495209964411,15.89495209964411,15.89495209964411
NYY,5.567013527575445,2014,2015,1,1,1,3,9,0,0,0.0,0.0,0,2,9,0,0,39,38,New York Yankees,NYY,New York,92800000,0,0,32,162,32,1024,Hiroki Kuroda,16000000,40,214.4792576419214,50,0.0,0.0,0.198,0.198,0.039204,0.0,0.0,0.0,0.0,SP,0.5185185185185185,0,0,UFA,16000000,16000000,0.075,16000000,35.24,1241.8576,0,0,16000000,16000000,311500000,16000000,16000000,84,2.12,4.494400000000001,27,16.588099280204055,16.588099280204055,16.588099280204055
PHI,6.5,2014,2015,1,2,1,60,3600,8,64,0.133,0.017689000000000003,3750000,2,7,2,4,37,36,Philadelphia Phillies,PIT,Pennsylvania,137617500,0,0,34,162,34,1156,A.J. Burnett,15000000,7,230.0,14,0.341,0.11628100000000002,0.21,0.21,0.04409999999999999,0.175,0.030624999999999996,0.167,0.027889000000000004,SP,0.4506172839506173,1,1,UFA,11250000,7500000,0.064,11250000,12.28,150.7984,0,0,16000000,11250000,59875000,22500000,16000000,73,1.94391129032258,3.778791104643598,2,16.235878686614704,15.830413578506539,16.235878686614704
LAD,6.0,2014,2016,2,2,1,386,148996,120,14400,0.311,0.096721,1000000,5,11,23,529,35,34,Los Angeles Dodgers,LAD,California,48500000,9,81,103,161,98,9604,Juan Uribe,8500000,25,245.0,28,0.777,0.6037290000000001,0.636,0.605,0.366025,0.337,0.11356900000000002,0.44,0.1936,3B,0.577639751552795,54,2916,UFA,7500000,6500000,0.031,7500000,57.62,3320.0643999999998,0,0,15000000,7500000,61150000,15000000,7500000,93,3.97,15.760900000000001,6,15.830413578506539,15.687312734865866,15.830413578506539
ATL,6.2,2014,2015,1,1,0,63,3969,7,49,0.111,0.012321,0,1,5,1,1,31,31,Atlanta Braves,KC,Georgia,58336000,0,0,31,162,31,961,Ervin Santana,14100000,18,175.0,23,0.265,0.07022500000000001,0.191,0.191,0.036481,0.139,0.019321000000000005,0.127,0.016129,SP,0.4876543209876543,1,1,UFA,14100000,14100000,0.121,14100000,36.43,1327.1449,0,0,14100000,14100000,47350000,14100000,14100000,79,1.4,1.9599999999999997,3,16.461685355348397,16.461685355348397,16.461685355348397
COL,6.4,2014,2017,2,2,1,502,252004,160,25600,0.319,0.101761,0,1,6,32,1024,33,32,Colorado Rockies,PIT,Colorado,92595000,17,289,135,161,127,16129,Justin Morneau,5000000,1,220.0,3,0.86,0.7395999999999999,0.833,0.784,0.6146560000000001,0.364,0.132496,0.496,0.24601599999999998,1B,0.4099378881987577,82,6724,UFA,5000000,5000000,0.052,5000000,80.69,6510.8760999999995,3,9,12500000,6250000,31250000,12500000,6250000,66,3.44,11.833599999999999,0,15.424948470398375,15.424948470398375,15.424948470398375
ARI,6.4,2014,2017,2,2,0,1,1,0,0,0.0,0.0,0,1,8,0,0,34,34,Arizona Diamondbacks,ARI,Arizona,11899999,0,0,68,161,0,0,Brad Ziegler,4500000,1,220.0,5,0.0,0.0,0.42,0.0,0.0,0.0,0.0,0.0,0.0,RP,0.3975155279503105,0,0,UFA,4500000,4500000,0.042,4500000,17.3,299.29,0,0,10500000,5250000,42450000,10500000,5250000,64,0.32,0.1024,1,15.319587954740548,15.319587954740548,15.319587954740548
NYY,6.0,2014,2015,1,1,1,271,73441,44,1936,0.162,0.026244,0,2,9,14,196,31,30,New York Yankees,BOS,New York,48343443,7,49,85,162,78,6084,Stephen Drew,3122950,40,200.0,50,0.536,0.28729600000000005,0.525,0.482,0.23232399999999997,0.237,0.056169,0.299,0.089401,2B,0.5185185185185185,26,676,UFA,3122950,14100000,0.015,14100000,0.0,0.0,1,1,10093443,14100000,311500000,14100000,10093443,84,1.94391129032258,3.778791104643598,27,14.954288625890493,16.461685355348397,16.461685355348397
DET,5.9,2014,2016,2,2,0,461,212521,130,16900,0.282,0.07952399999999998,0,1,5,27,729,33,33,Detroit Tigers,TOR,Michigan,16098500,8,64,134,162,118,13924,Rajai Davis,5000000,11,195.0,16,0.721,0.519841,0.827,0.728,0.529984,0.32,0.1024,0.401,0.16080100000000003,CF,0.5555555555555556,51,2601,UFA,5000000,5000000,0.029,5000000,56.52,3194.5104000000006,2,4,10000000,5000000,33500000,10000000,5000000,90,1.61,2.5921000000000003,4,15.424948470398375,15.424948470398375,15.424948470398375
LAD,6.5,2014,2016,1,1,0,54,2916,10,100,0.185,0.034225,0,5,11,1,1,33,33,Los Angeles Dodgers,WSH,California,75773500,0,0,32,161,32,1024,Dan Haren,11000000,25,215.0,28,0.432,0.18662399999999998,0.198,0.198,0.039204,0.228,0.051984,0.204,0.04161599999999999,SP,0.577639751552795,5,25,UFA,11000000,10000000,0.045,11000000,36.33,1319.8689,0,0,10000000,1000000,61150000,1000000,10000000,93,1.94391129032258,3.778791104643598,6,16.213405830762646,16.11809565095832,16.213405830762646
BAL,6.2,2014,2015,1,1,0,613,375769,166,27556,0.271,0.073441,0,1,10,32,1024,33,33,Baltimore Orioles,TEX,Maryland,29663340,40,1600,159,162,159,25281,Nelson Cruz,8000000,7,230.0,13,0.859,0.737881,0.982,0.982,0.964324,0.333,0.11088900000000002,0.525,0.275625,DH,0.5925925925925926,108,11664,UFA,8000000,8000000,0.07,8000000,91.19,8315.6161,2,4,8000000,8000000,23300000,8000000,8000000,96,4.46,19.8916,3,15.89495209964411,15.89495209964411,15.89495209964411
TOR,5.9,2014,2016,2,2,1,481,231361,132,17424,0.274,0.07507600000000002,0,1,2,22,484,30,29,Toronto Blue Jays,CHC,Toronto,15596800,12,144,139,162,121,14641,Dioner Navarro,3000000,2,215.0,5,0.712,0.506944,0.858,0.747,0.558009,0.317,0.10048900000000001,0.395,0.15602500000000002,C,0.5123456790123457,69,4761,UFA,3000000,3000000,0.021,3000000,43.47,1889.6408999999999,0,0,8000000,4000000,8000000,8000000,4000000,83,2.45,6.002500000000001,2,14.914122846632385,14.914122846632385,14.914122846632385
MIA,6.4,2014,2016,2,2,1,496,246016,122,14884,0.246,0.060516,0,2,10,33,1089,33,32,Miami Marlins,PIT,Florida,11540500,15,225,146,162,129,16641,Garrett Jones,2750000,2,233.0,2,0.72,0.5184,0.901,0.796,0.6336160000000001,0.309,0.095481,0.411,0.168921,RF,0.4753086419753086,53,2809,UFA,2750000,2750000,0.054,2750000,25.02,626.0004,2,4,7750000,3875000,39486387,7750000,3875000,77,1.94391129032258,3.778791104643598,2,14.827111469642754,14.827111469642754,14.827111469642754
SEA,6.1,2014,2015,1,1,1,367,134689,80,6400,0.218,0.047524,0,1,8,20,400,31,30,Seattle Mariners,SEA,Washington,24475386,8,64,98,161,97,9409,Kendrys Morales,4393442,0,225.0,4,0.612,0.374544,0.605,0.599,0.358801,0.274,0.07507600000000002,0.338,0.11424400000000001,DH,0.5341614906832298,42,1764,UFA,4393442,12000000,0.038,12000000,4.3,18.49,0,0,7540983,12000000,267800000,12000000,7540983,86,1.94391129032258,3.778791104643598,0,15.295623532510765,16.300417207752275,16.300417207752275
NYY,6.2,2014,2015,1,1,0,325,105625,72,5184,0.222,0.049284,0,2,9,25,625,30,30,New York Yankees,OAK,New York,35609770,11,121,111,162,82,6724,Chris Young,73770,40,200.0,50,0.71,0.5041,0.685,0.506,0.256036,0.304,0.092416,0.406,0.164836,RF,0.5185185185185185,38,1444,UFA,73770,500000,0.0,500000,51.45,2647.1025000000004,1,1,7250000,500000,311500000,500000,7250000,84,0.11,0.0121,27,11.208707423878348,13.122363377404328,13.122363377404328
NYY,6.2,2014,2015,1,1,0,1,1,0,0,0.0,0.0,0,2,9,0,0,30,30,New York Yankees,OAK,New York,35609770,0,0,30,162,29,841,Chris Young,73770,40,200.0,50,0.0,0.0,0.185,0.179,0.032041,0.0,0.0,0.0,0.0,RF,0.5185185185185185,0,0,UFA,73770,500000,0.0,500000,0.0,0.0,0,0,7250000,500000,311500000,500000,7250000,84,1.78,3.1684,27,11.208707423878348,13.122363377404328,13.122363377404328
SEA,6.6,2014,2015,1,1,1,232,53824,47,2209,0.203,0.041209,0,1,8,9,81,32,31,Seattle Mariners,MIL,Washington,42034500,6,36,68,161,62,3844,Corey Hart,6000000,0,240.0,4,0.59,0.34809999999999997,0.42,0.383,0.146689,0.271,0.073441,0.319,0.101761,RF,0.5341614906832298,21,441,UFA,6000000,6000000,0.052,6000000,0.0,0.0,0,0,6000000,6000000,267800000,6000000,6000000,86,1.94391129032258,3.778791104643598,0,15.60727002719233,15.60727002719233,15.60727002719233
SF,6.5,2014,2015,1,1,1,438,191844,122,14884,0.279,0.07784100000000002,0,5,7,32,1024,32,31,San Francisco Giants,BAL,California,20501863,16,256,131,161,125,15625,Mike Morse,6000000,23,245.0,25,0.811,0.6577210000000001,0.809,0.772,0.5959840000000001,0.336,0.11289600000000001,0.475,0.225625,LF,0.5403726708074534,61,3721,UFA,6000000,6000000,0.037,6000000,50.41,2541.1681,3,9,6000000,6000000,25850000,6000000,6000000,87,0.88,0.7744,8,15.60727002719233,15.60727002719233,15.60727002719233
OAK,6.6,2014,2015,1,1,0,37,1369,5,25,0.135,0.018225,0,5,5,0,0,31,31,Oakland Athletics,BAL,California,24306500,0,0,30,162,29,841,Jason Hammel,2852459,15,225.0,26,0.293,0.085849,0.185,0.179,0.032041,0.158,0.024964,0.135,0.018225,SP,0.5432098765432098,3,9,UFA,2852459,6000000,0.031,6000000,0.0,0.0,0,0,6000000,6000000,32800000,6000000,6000000,88,3.15,9.9225,9,14.863691987258365,15.60727002719233,15.60727002719233
STL,5.567013527575445,2014,2015,1,1,1,178,31684,32,1024,0.18,0.0324,0,2,5,6,36,37,36,St. Louis Cardinals,LAD,Missouri,42282000,0,0,73,161,46,2116,Mark Ellis,5250000,23,214.4792576419214,27,0.466,0.21715600000000002,0.451,0.284,0.08065599999999999,0.253,0.064009,0.213,0.045369,2B,0.5527950310559007,12,144,UFA,5250000,5250000,0.043,5250000,0.0,0.0,0,0,5250000,5250000,59750000,5250000,5250000,89,1.94391129032258,3.778791104643598,11,15.473738634567807,15.473738634567807,15.473738634567807
SF,6.4,2014,2015,1,1,0,61,3721,7,49,0.115,0.013225,0,5,7,2,4,36,36,San Francisco Giants,SF,California,15525000,0,0,32,161,32,1024,Ryan Vogelsong,5000000,23,215.0,25,0.304,0.092416,0.198,0.198,0.039204,0.156,0.024336,0.148,0.021903999999999996,SP,0.5403726708074534,2,4,UFA,5000000,5000000,0.031,5000000,37.82,1430.3524,0,0,5000000,5000000,25850000,5000000,5000000,87,0.77,0.5929,8,15.424948470398375,15.424948470398375,15.424948470398375
PIT,5.567013527575445,2014,2015,1,1,0,53,2809,2,4,0.038,0.001444,0,2,1,0,0,30,30,Pittsburgh Pirates,LAD,Pennsylvania,5752000,0,0,32,162,31,961,Edinson Volquez,0,9,220.0,16,0.127,0.016129,0.198,0.191,0.036481,0.089,0.007921,0.038,0.001444,SP,0.5432098765432098,2,4,UFA,5000000,5000000,0.065,5000000,60.78,3694.2084,0,0,5000000,5000000,5000000,5000000,5000000,88,2.52,6.3504000000000005,5,15.424948470398375,15.424948470398375,15.424948470398375
TB,5.567013527575445,2014,0,2,2,1,225,50625,40,1600,0.178,0.031684,0,2,5,2,4,39,38,Tampa Bay Rays,TB,Florida,14515000,0,0,80,162,70,4900,Jose Molina,1750000,1,214.4792576419214,4,0.417,0.173889,0.494,0.432,0.18662399999999998,0.231,0.053361000000000006,0.187,0.034969,C,0.4753086419753086,10,100,UFA,1750000,1750000,0.023,1750000,0.0,0.0,0,0,4500000,2250000,28150000,4500000,2250000,77,1.94391129032258,3.778791104643598,0,14.375126345899696,14.375126345899696,14.375126345899696
ATL,6.4,2014,2015,1,1,1,18,324,2,4,0.111,0.012321,0,1,5,0,0,31,30,Atlanta Braves,CHW,Georgia,34626000,0,0,9,162,9,81,Gavin Floyd,4000000,18,235.0,23,0.222,0.049284,0.056,0.056,0.0031360000000000003,0.111,0.012321,0.111,0.012321,RP,0.4876543209876543,0,0,UFA,4000000,4000000,0.034,4000000,0.0,0.0,0,0,4000000,4000000,47350000,4000000,4000000,79,0.9,0.81,3,15.201804919084164,15.201804919084164,15.201804919084164
MIA,6.2,2014,2016,2,2,1,208,43264,55,3025,0.264,0.06969600000000001,0,2,10,10,100,33,32,Miami Marlins,TEX,Florida,10409000,3,9,90,162,41,1681,Jeff Baker,1600000,2,205.0,2,0.701,0.4914009999999999,0.556,0.253,0.064009,0.307,0.094249,0.394,0.155236,1B,0.4753086419753086,28,784,UFA,1600000,1600000,0.032,1600000,0.0,0.0,4,16,3700000,1850000,39486387,3700000,1850000,77,1.94391129032258,3.778791104643598,2,14.28551418721001,14.28551418721001,14.28551418721001
BAL,6.1,2014,2015,1,1,1,265,70225,57,3249,0.215,0.046224999999999995,0,1,10,14,196,32,31,Baltimore Orioles,TB,Maryland,3967213,7,49,106,162,75,5625,Kelly Johnson,983606,7,195.0,13,0.659,0.43428100000000003,0.654,0.463,0.21436900000000003,0.296,0.08761599999999999,0.362,0.131044,2B,0.5925925925925926,27,729,UFA,983606,3000000,0.009,3000000,13.83,191.2689,2,4,3000000,3000000,23300000,3000000,3000000,96,1.94391129032258,3.778791104643598,3,13.798980689346235,14.914122846632385,14.914122846632385
OAK,5.567013527575445,2014,2016,1,1,0,198,39204,41,1681,0.207,0.042849,0,5,5,7,49,36,36,Oakland Athletics,LAD,California,20822500,2,4,73,162,48,2304,Nick Punto,2750000,15,214.4792576419214,26,0.589,0.346921,0.451,0.296,0.08761599999999999,0.296,0.08761599999999999,0.293,0.085849,SS,0.5432098765432098,14,196,UFA,2750000,2750000,0.03,2750000,0.0,0.0,2,4,3000000,3000000,32800000,3000000,3000000,88,0.69,0.4760999999999999,9,14.827111469642754,14.827111469642754,14.827111469642754
KC,6.2,2014,2015,1,1,1,246,60516,41,1681,0.167,0.027889000000000004,0,2,4,8,64,42,41,Kansas City Royals,SEA,Missouri,66925000,5,25,90,162,62,3844,Raul Ibanez,500000,3,225.0,8,0.549,0.30140100000000003,0.556,0.383,0.146689,0.264,0.06969600000000001,0.285,0.08122499999999999,DH,0.5493827160493827,26,676,UFA,500000,500000,0.005,500000,0.0,0.0,3,9,2750000,500000,66500000,500000,2750000,89,1.94391129032258,3.778791104643598,1,13.122363377404328,13.122363377404328,13.122363377404328
DET,6.3,2014,2015,1,1,0,1,1,0,0,0.0,0.0,0,1,5,0,0,28,28,Detroit Tigers,NYY,Michigan,11015550,0,0,69,162,0,0,Joba Chamberlain,3000000,11,245.0,16,0.0,0.0,0.426,0.0,0.0,0.0,0.0,0.0,0.0,RP,0.5555555555555556,0,0,UFA,3000000,2500000,0.017,3000000,28.25,798.0625,0,0,2500000,2500000,33500000,2500000,2500000,90,0.92,0.8464,4,14.914122846632385,14.73180128983843,14.914122846632385
CHW,5.567013527575445,2014,2015,1,1,1,208,43264,43,1849,0.207,0.042849,0,2,10,8,64,38,37,Chicago White Sox,CHW,Illinois,130620000,5,25,81,162,49,2401,Paul Konerko,2500000,6,214.4792576419214,9,0.572,0.3271839999999999,0.5,0.303,0.091809,0.255,0.065025,0.317,0.10048900000000001,1B,0.4506172839506173,22,484,UFA,2500000,2500000,0.028,2500000,0.0,0.0,0,0,2500000,2500000,12250000,2500000,2500000,73,1.94391129032258,3.778791104643598,3,14.73180128983843,14.73180128983843,14.73180128983843
CIN,5.9,2014,2016,2,2,1,348,121104,88,7744,0.253,0.064009,0,2,6,18,324,32,31,Cincinnati Reds,DET,Ohio,5530000,5,25,115,162,90,8100,Brayan Pena,875000,10,242.0,15,0.645,0.41602500000000003,0.71,0.556,0.3091360000000001,0.291,0.08468099999999999,0.353,0.12460899999999998,C,0.4691358024691358,26,676,UFA,875000,875000,0.008,875000,10.4,108.16000000000001,1,1,2275000,1137500,15125000,2275000,1137500,76,1.94391129032258,3.778791104643598,5,13.681979165339751,13.681979165339751,13.681979165339751
COL,6.5,2014,2016,1,1,0,1,1,0,0,0.0,0.0,0,1,6,0,0,41,41,Colorado Rockies,NYM,Colorado,42000000,0,0,57,161,0,0,LaTroy Hawkins,2250000,1,195.0,3,0.0,0.0,0.352,0.0,0.0,0.0,0.0,0.0,0.0,RP/CL,0.4099378881987577,0,0,UFA,2250000,2250000,0.023,2250000,81.74,6681.427599999999,0,0,2250000,2250000,31250000,2250000,2250000,66,0.88,0.7744,0,14.626440774180603,14.626440774180603,14.626440774180603
MIL,6.2,2014,2015,1,1,0,378,142884,74,5476,0.196,0.038416000000000006,0,1,7,9,81,30,30,Milwaukee Brewers,NYY,Wisconsin,23819491,22,484,130,162,102,10404,Mark Reynolds,2000000,1,220.0,4,0.681,0.4637610000000001,0.803,0.63,0.39690000000000003,0.287,0.08236899999999998,0.394,0.155236,3B,0.5061728395061729,45,2025,UFA,2000000,2000000,0.018,2000000,34.75,1207.5625,0,0,2000000,2000000,57600000,2000000,2000000,82,0.13,0.016900000000000002,0,14.508657738524219,14.508657738524219,14.508657738524219
TEX,6.4,2014,2015,1,1,0,5,25,2,4,0.4,0.16000000000000003,0,2,7,0,0,34,34,Texas Rangers,TEX,Texas,14279500,0,0,29,162,29,841,Colby Lewis,2000000,2,238.0,6,0.8,0.6400000000000001,0.179,0.179,0.032041,0.4,0.16000000000000003,0.4,0.16000000000000003,SP,0.4135802469135802,1,1,UFA,2000000,2000000,0.014,2000000,16.13,260.1769,0,0,2000000,2000000,136050000,2000000,2000000,67,1.94391129032258,3.778791104643598,0,14.508657738524219,14.508657738524219,14.508657738524219
TEX,6.0,2014,2015,1,1,1,203,41209,36,1296,0.177,0.031328999999999996,0,2,7,9,81,28,27,Texas Rangers,TOR,Texas,4540100,10,100,63,162,58,3364,J.P. Arencibia,1800000,2,203.0,6,0.608,0.369664,0.389,0.358,0.128164,0.239,0.057121,0.369,0.136161,1B,0.4135802469135802,35,1225,UFA,1800000,1800000,0.013,1800000,0.0,0.0,0,0,1800000,1800000,136050000,1800000,1800000,67,1.94391129032258,3.778791104643598,0,14.403297222866392,14.403297222866392,14.403297222866392
LAD,6.6,2014,2015,1,1,0,5,25,0,0,0.0,0.0,0,5,11,0,0,39,39,Los Angeles Dodgers,TB,California,16745000,0,0,61,161,1,1,Jamey Wright,1800000,25,240.0,28,0.0,0.0,0.377,0.006,3.6e-05,0.0,0.0,0.0,0.0,RP,0.577639751552795,0,0,UFA,1800000,1800000,0.007,1800000,37.98,1442.4803999999997,0,0,1800000,1800000,61150000,1800000,1800000,93,1.94391129032258,3.778791104643598,6,14.403297222866392,14.403297222866392,14.403297222866392
CHW,6.2,2014,2015,1,1,0,1,1,0,0,0.0,0.0,0,2,10,0,0,30,30,Chicago White Sox,KC,Illinois,7863000,0,0,4,162,4,16,Felipe Paulino,1500000,6,260.0,9,0.0,0.0,0.025,0.025,0.0006250000000000001,0.0,0.0,0.0,0.0,SP,0.4506172839506173,0,0,UFA,1500000,1500000,0.017,1500000,0.0,0.0,0,0,1750000,1750000,12250000,1750000,1750000,73,1.94391129032258,3.778791104643598,3,14.22097566607244,14.22097566607244,14.22097566607244
MIL,6.2,2014,2015,1,1,1,258,66564,60,3600,0.233,0.054289000000000004,0,1,7,14,196,37,36,Milwaukee Brewers,NYY,Wisconsin,36347000,4,16,121,162,64,4096,Lyle Overbay,1500000,1,235.0,4,0.661,0.43692100000000006,0.747,0.395,0.15602500000000002,0.328,0.10758400000000001,0.333,0.11088900000000002,1B,0.5061728395061729,35,1225,UFA,1500000,1500000,0.014,1500000,12.78,163.3284,0,0,1500000,1500000,57600000,1500000,1500000,82,1.94391129032258,3.778791104643598,0,14.22097566607244,14.22097566607244,14.22097566607244
NYM,6.0,2014,2015,1,1,0,11,121,2,4,0.182,0.033124,0,2,10,0,0,33,33,New York Mets,NYM,New York,55489999,0,0,34,162,9,81,Daisuke Matsuzaka,1500000,5,200.0,8,0.432,0.18662399999999998,0.21,0.056,0.0031360000000000003,0.25,0.0625,0.182,0.033124,SP,0.4876543209876543,1,1,UFA,1500000,1500000,0.016,1500000,7.54,56.8516,0,0,1500000,1500000,93775000,1500000,1500000,79,1.94391129032258,3.778791104643598,2,14.22097566607244,14.22097566607244,14.22097566607244
LAD,6.2,2014,2015,1,1,1,9,81,0,0,0.0,0.0,0,5,11,0,0,32,31,Los Angeles Dodgers,ATL,California,30105500,0,0,30,161,8,64,Paul Maholm,1500000,25,245.0,28,0.182,0.033124,0.185,0.049,0.0024010000000000004,0.182,0.033124,0.0,0.0,RP,0.577639751552795,0,0,UFA,1500000,1500000,0.006,1500000,0.0,0.0,0,0,1500000,1500000,61150000,1500000,1500000,93,1.94391129032258,3.778791104643598,6,14.22097566607244,14.22097566607244,14.22097566607244
BAL,6.3,2014,2015,1,1,0,242,58564,73,5329,0.302,0.091204,0,1,10,11,121,28,28,Baltimore Orioles,TB,Maryland,22507327,7,49,83,162,56,3136,Delmon Young,1000000,7,205.0,13,0.779,0.6068410000000001,0.512,0.346,0.11971599999999999,0.337,0.11356900000000002,0.442,0.195364,LF,0.5925925925925926,30,900,UFA,1000000,1000000,0.009,1000000,0.0,0.0,1,1,1000000,1000000,23300000,1000000,1000000,96,1.04,1.0816000000000001,3,13.815510557964274,13.815510557964274,13.815510557964274
SF,6.3,2014,2015,1,1,0,139,19321,31,961,0.223,0.049729,0,5,7,10,100,28,28,San Francisco Giants,COL,California,2723587,2,4,57,161,31,961,Tyler Colvin,448087,23,210.0,25,0.65,0.42250000000000004,0.352,0.191,0.036481,0.269,0.07236100000000001,0.381,0.145161,RP,0.5403726708074534,18,324,UFA,448087,1000000,0.003,1000000,96.3,9273.689999999999,3,9,1000000,1000000,25850000,1000000,1000000,87,1.94391129032258,3.778791104643598,8,13.012742688972008,13.815510557964274,13.815510557964274
TEX,6.4,2014,2015,1,1,0,1,1,0,0,0.0,0.0,0,2,7,0,0,32,32,Texas Rangers,CHC,Texas,23798500,0,0,25,162,8,64,Scott Baker,1000000,2,215.0,6,0.0,0.0,0.154,0.049,0.0024010000000000004,0.0,0.0,0.0,0.0,SP,0.4135802469135802,0,0,UFA,1000000,1000000,0.007,1000000,6.04,36.4816,0,0,1000000,1000000,136050000,1000000,1000000,67,1.94391129032258,3.778791104643598,0,13.815510557964274,13.815510557964274,13.815510557964274
SD,6.4,2014,2015,1,1,1,24,576,2,4,0.083,0.006889000000000001,0,5,7,0,0,30,29,San Diego Padres,CLE,California,27565251,0,0,10,161,6,36,Jeff Francoeur,103825,2,220.0,5,0.262,0.06864400000000001,0.062,0.037,0.0013689999999999998,0.179,0.032041,0.083,0.006889000000000001,LF,0.4782608695652174,1,1,UFA,103825,1000000,0.001,1000000,0.0,0.0,0,0,925000,1000000,25700000,1000000,925000,77,1.94391129032258,3.778791104643598,0,11.550462068498954,13.815510557964274,13.815510557964274
WSH,6.0,2014,0,1,1,1,220,48400,57,3249,0.259,0.067081,0,1,8,8,64,32,31,Washington Nationals,PHI,Washington DC,3779803,1,1,105,162,42,1764,Kevin Frandsen,950000,1,189.0,3,0.608,0.369664,0.648,0.259,0.067081,0.299,0.089401,0.309,0.095481,3B,0.5925925925925926,17,289,UFA,950000,900000,0.007,950000,3.33,11.0889,0,0,900000,900000,14150000,900000,900000,96,1.94391129032258,3.778791104643598,0,13.764217263576723,13.710150042306449,13.764217263576723
CHC,6.1,2014,2015,1,1,1,182,33124,35,1225,0.192,0.036864,0,2,13,7,49,33,32,Chicago Cubs,LAD,Illinois,3327150,0,0,68,162,51,2601,John Baker,875000,17,213.0,16,0.504,0.254016,0.42,0.315,0.09922500000000001,0.273,0.07452900000000001,0.231,0.053361000000000006,C,0.4506172839506173,15,225,UFA,875000,875000,0.01,875000,0.0,0.0,0,0,875000,875000,9650000,875000,875000,73,1.94391129032258,3.778791104643598,2,13.681979165339751,13.681979165339751,13.681979165339751
LAA,5.567013527575445,2014,2015,1,1,0,76,5776,13,169,0.171,0.029241000000000003,0,5,8,2,4,39,39,Los Angeles Angels,BOS,California,14398799,0,0,95,161,16,256,John McDonald,850000,1,214.4792576419214,10,0.453,0.205209,0.586,0.099,0.009801,0.256,0.065536,0.197,0.038809,SS,0.6086956521739131,5,25,UFA,850000,850000,0.005,850000,0.0,0.0,0,0,850000,850000,22100000,850000,850000,98,1.94391129032258,3.778791104643598,1,13.652991628466498,13.652991628466498,13.652991628466498
MIL,6.2,2014,2015,1,1,1,1,1,0,0,0.0,0.0,0,1,7,0,0,31,30,Milwaukee Brewers,CIN,Wisconsin,13695218,0,0,74,162,0,0,Zach Duke,850000,1,210.0,4,0.0,0.0,0.457,0.0,0.0,0.0,0.0,0.0,0.0,RP,0.5061728395061729,0,0,UFA,850000,850000,0.008,850000,68.05,4630.8025,0,0,850000,850000,57600000,850000,850000,82,1.16,1.3456,0,13.652991628466498,13.652991628466498,13.652991628466498
OAK,5.9,2014,0,1,1,0,351,123201,84,7056,0.239,0.057121,0,5,5,16,256,32,32,Oakland Athletics,TB,California,3649200,4,16,113,162,95,9025,Sam Fuld,349727,15,180.0,26,0.663,0.43956900000000004,0.698,0.586,0.343396,0.321,0.10304100000000001,0.342,0.11696400000000001,CF,0.5432098765432098,36,1296,UFA,349727,800000,0.004,800000,43.76,1914.9375999999997,4,16,800000,800000,32800000,800000,800000,88,0.75,0.5625,9,12.76490812910732,13.592367006650065,13.592367006650065
CHC,6.0,2014,0,1,1,1,385,148225,109,11881,0.283,0.08008899999999998,0,2,13,28,784,29,28,Chicago Cubs,MIA,Illinois,3898126,9,81,125,162,92,8464,Chris Coghlan,651366,17,195.0,16,0.804,0.6464160000000001,0.772,0.568,0.32262399999999997,0.352,0.12390399999999999,0.452,0.204304,LF,0.4506172839506173,41,1681,UFA,651366,800000,0.007,800000,59.3,3516.49,5,25,800000,800000,9650000,800000,800000,73,0.75,0.5625,2,13.386826975190328,13.592367006650065,13.592367006650065
LAA,6.5,2014,2015,1,1,1,75,5625,14,196,0.187,0.034969,0,5,8,2,4,29,28,Los Angeles Angels,NYY,California,3134100,2,4,27,161,20,400,Brennan Boesch,800000,1,235.0,10,0.496,0.24601599999999998,0.167,0.124,0.015375999999999999,0.203,0.041209,0.293,0.085849,RF,0.6086956521739131,7,49,UFA,800000,800000,0.005,800000,0.0,0.0,0,0,800000,800000,22100000,800000,800000,98,1.94391129032258,3.778791104643598,1,13.592367006650065,13.592367006650065,13.592367006650065
TEX,6.2,2014,2015,1,1,1,164,26896,43,1849,0.262,0.06864400000000001,0,2,7,7,49,31,30,Texas Rangers,OAK,Texas,3285000,4,16,56,162,44,1936,Adam Rosales,750000,2,200.0,6,0.706,0.49843599999999993,0.346,0.272,0.07398400000000001,0.328,0.10758400000000001,0.378,0.142884,2B,0.4135802469135802,19,361,UFA,750000,750000,0.005,750000,0.0,0.0,0,0,750000,750000,136050000,750000,750000,67,0.77,0.5929,0,13.527828485512494,13.527828485512494,13.527828485512494
PHI,6.2,2014,2015,1,1,0,347,120409,81,6561,0.233,0.054289000000000004,0,2,7,19,361,31,31,Philadelphia Phillies,CLE,Pennsylvania,34236879,5,25,112,162,84,7056,Grady Sizemore,218579,7,210.0,14,0.654,0.42771600000000004,0.691,0.519,0.269361,0.299,0.089401,0.354,0.12531599999999998,RF,0.4506172839506173,27,729,UFA,218579,500000,0.001,500000,21.63,467.85689999999994,4,16,750000,500000,59875000,500000,750000,73,1.94391129032258,3.778791104643598,2,12.294902784236212,13.122363377404328,13.122363377404328
CHC,5.567013527575445,2014,2015,1,1,1,121,14641,30,900,0.248,0.061503999999999996,0,2,13,4,16,26,25,Chicago Cubs,BOS,Illinois,2948000,0,0,57,162,27,729,Ryan Kalish,550000,17,214.4792576419214,16,0.642,0.41216400000000003,0.352,0.167,0.027889000000000004,0.295,0.08702499999999999,0.347,0.12040899999999999,LF,0.4506172839506173,5,25,UFA,550000,550000,0.006,550000,0.0,0.0,4,16,550000,550000,9650000,550000,550000,73,1.94391129032258,3.778791104643598,2,13.217673557208654,13.217673557208654,13.217673557208654
STL,6.3,2014,0,1,1,0,338,114244,85,7225,0.252,0.063504,0,2,5,12,144,37,37,St. Louis Cardinals,BOS,Missouri,58842539,5,25,102,161,85,7225,A.J. Pierzynski,167539,23,250.0,27,0.625,0.390625,0.63,0.525,0.275625,0.288,0.08294399999999999,0.337,0.11356900000000002,C,0.5527950310559007,37,1369,UFA,167539,167539,0.001,167539,12.26,150.3076,1,1,500000,500000,59750000,500000,500000,89,1.94391129032258,3.778791104643598,11,12.028971438966101,12.028971438966101,12.028971438966101
CIN,6.0,2014,0,1,1,0,4,16,0,0,0.0,0.0,0,2,6,0,0,28,28,Cincinnati Reds,CHW,Ohio,1477163,0,0,5,162,4,16,Dylan Axelrod,90163,10,195.0,15,0.0,0.0,0.031,0.025,0.0006250000000000001,0.0,0.0,0.0,0.0,RP,0.4691358024691358,0,0,UFA,90163,500000,0.001,500000,0.0,0.0,0,0,500000,500000,15125000,500000,500000,76,1.94391129032258,3.778791104643598,5,11.409374422339322,13.122363377404328,13.122363377404328
LAA,6.2,2014,2015,1,1,0,89,7921,20,400,0.225,0.050625,0,5,8,2,4,33,33,Los Angeles Angels,SEA,California,28081270,1,1,32,161,24,576,John Buck,73770,1,230.0,10,0.57,0.32489999999999997,0.198,0.148,0.021903999999999996,0.289,0.08352099999999998,0.281,0.07896100000000002,C,0.6086956521739131,6,36,UFA,73770,500000,0.0,500000,0.0,0.0,0,0,0,500000,22100000,500000,0,98,1.94391129032258,3.778791104643598,1,11.208707423878348,13.122363377404328,13.122363377404328
DET,6.6,2014,2015,1,1,1,1,1,0,0,0.0,0.0,0,1,5,0,0,31,30,Detroit Tigers,OAK,Michigan,10897486,0,0,54,162,0,0,Jim Johnson,117486,11,250.0,16,0.0,0.0,0.333,0.0,0.0,0.0,0.0,0.0,0.0,RP,0.5555555555555556,0,0,UFA,117486,500000,0.001,500000,3.09,9.5481,0,0,0,500000,33500000,500000,0,90,1.94391129032258,3.778791104643598,4,11.674074456531383,13.122363377404328,13.122363377404328
