Acronimo,Altura,Anio,Anio_de_agente_libre,Anios_de_contrato,Antiguedad,Bateos_en_contra,Bateos_en_contra_2,Bono_por_firma,Cantidad de equipos,Cantidad_agentes_libres,Carreras_en_contra,Carreras_en_contra_2,Carreras_ganadas,Carreras_ganadas_2,Comando,Comando_2,Control,Control_2,Dominio,Dominio_2,ERA,ERA_2,Edad,Edad_al_firmar,Equipo,Equipo_anterior,Estado,Ganancias,Inning_pitched,Inning_pitched_2,Juegos,Juegos totales,Juegos_iniciados,Jugador,Losses,Losses_2,Pago_efectivo,Pennants won,Peso,Playoffs,Posicion,Promedio_victorias,Saves,Saves_2,Status_agente_libre,Strike-outs,Strike-outs_2,Sueldo_ajustado,Sueldo_base,Sueldo_porcentual,Sueldo_regular,TVS,TVS_2,Valor_contrato,Valor_contrato_promedio,Valor_contrato_total,Valor_del_contrato,Valor_promedio_contrato,Victorias,WAR,WAR_2,WHIP,WHIP_2,WS ganadas,Walks,Walks_2,Wins,Wins_2,ln_Sueldo_ajustado,ln_Sueldo_base,ln_Sueldo_regular
LAD,6.2,2013,2016,6,0,152,23104,2000000,5,7,54,2916,52,2704,3.217391304347826,10.351606805293006,0.028762583630338272,0.0008272862170922031,0.09254048646282749,0.008563741634776759,2.63,6.916899999999999,29,29,Los Angeles Dodgers,LAA,California,72397172,177.7,31577.289999999997,29,162,28,Zack Greinke,4,16,29000000,25,200,27,SP,0.5679012345679012,0,0,UFA,148,21904,19000000,17000000,0.08,19000000,59.84,3580.8256000000006,147000000,24500000,150850000,147000000,24500000,92,4.31,18.576099999999997,1.11,1.2321000000000002,6,46,2116,15,225,16.759949537130716,16.64872390202049,16.759949537130716
DET,6.0,2013,2018,5,1,156,24336,800000,1,4,56,3136,52,2704,3.740740740740741,13.993141289437586,0.03296703296703297,0.0010868252626494385,0.12332112332112333,0.015208099457183709,2.57,6.604899999999999,29,28,Detroit Tigers,DET,Michigan,25987701,182.0,33124.0,29,162,29,Anibal Sanchez,8,64,12000000,11,205,15,RP,0.5740740740740741,0,0,UFA,202,40804,8800000,8000000,0.057,8800000,80.8,6528.639999999999,80000000,16000000,107775000,80000000,16000000,93,6.1,37.209999999999994,1.15,1.3224999999999998,4,54,2916,14,196,15.990262279448435,15.89495209964411,15.990262279448435
CHC,4.667260138476748,2013,2017,4,0,197,38809,2000000,2,10,110,12100,97,9409,2.288135593220339,5.235564492961793,0.037396209672307786,0.0013984764978552063,0.08556759840273816,0.007321813896412278,4.98,24.800400000000003,29,29,Chicago Cubs,WSH,Illinois,47247999,175.3,30730.090000000004,31,162,31,Edwin Jackson,18,324,19000000,17,210,16,SP,0.4074074074074074,0,0,UFA,135,18225,13000000,11000000,0.13,13000000,10.52,110.67039999999999,52000000,13000000,73850000,52000000,13000000,66,-1.3,1.6900000000000002,1.46,2.1315999999999997,2,59,3481,8,64,16.38045991542581,16.213405830762646,16.38045991542581
MIL,6.2,2013,2016,3,0,196,38416,0,1,7,78,6084,74,5476,3.4722222222222223,12.056327160493828,0.020130850528434826,0.0004052511429981847,0.06989878655706537,0.004885840362150183,3.35,11.2225,34,34,Milwaukee Brewers,STL,Wisconsin,61590000,198.7,39481.689999999995,33,162,32,Kyle Lohse,10,100,4350000,1,214,4,SP,0.4567901234567901,0,0,UFA,125,15625,4350000,4000000,0.049,4350000,48.74,2375.5876000000003,33000000,11000000,43300000,33000000,11000000,74,2.99,8.940100000000001,1.17,1.3688999999999998,0,36,1296,11,121,15.285686403064867,15.201804919084164,15.285686403064867
WSH,6.1,2013,2015,2,0,65,4225,0,1,11,24,576,23,529,3.0,9.0,0.0283191737464601,0.0008019756016821951,0.0849575212393803,0.007217780415139755,3.11,9.672099999999999,33,33,Washington Nationals,NYY,Washington DC,48350000,66.7,4448.89,68,162,0,Rafael Soriano,3,9,7000000,1,230,2,RP,0.5308641975308642,43,1849,UFA,51,2601,7000000,11000000,0.06,11000000,9.61,92.3521,28000000,14000000,67000000,28000000,14000000,86,0.84,0.7055999999999999,1.23,1.5129,0,17,289,3,9,15.761420707019587,16.213405830762646,16.213405830762646
KC,6.1,2013,2016,3,1,236,55696,0,2,5,99,9801,95,9025,1.88135593220339,3.5395001436368863,0.03096625203380045,0.0009589087650208506,0.05825854196189577,0.00339405771152597,4.04,16.3216,34,33,Kansas City Royals,KC,Missouri,28250000,211.7,44816.88999999999,33,162,33,Jeremy Guthrie,12,144,5000000,2,205,7,SP,0.5308641975308642,0,0,UFA,111,12321,5000000,5000000,0.059,5000000,30.71,943.1041,25000000,8333333,26100000,25000000,8333333,86,1.55,2.4025000000000003,1.39,1.9320999999999997,1,59,3481,15,225,15.424948470398375,15.424948470398375,15.424948470398375
CIN,6.4,2013,2016,3,1,27,729,0,2,12,17,289,14,196,2.0833333333333335,4.340277777777779,0.04343105320304017,0.001886256382325306,0.09048136083966703,0.00818687665939803,4.11,16.892100000000003,29,28,Cincinnati Reds,CIN,Ohio,23147500,30.7,942.49,34,162,0,Jonathan Broxton,2,4,4000000,10,305,15,RP,0.5555555555555556,0,0,UFA,25,625,4000000,4000000,0.038,4000000,0.0,0.0,21000000,7000000,41800000,21000000,7000000,90,-0.44,0.1936,1.27,1.6129,5,12,144,2,4,15.201804919084164,15.201804919084164,15.201804919084164
SF,6.4,2013,2016,3,1,27,729,1000000,5,6,14,196,14,196,1.2352941176470589,1.5259515570934257,0.0560501153972964,0.003141615436050243,0.06923837784371908,0.00479395296642961,3.74,13.987600000000002,34,33,San Francisco Giants,SF,California,34863000,33.7,1135.6900000000003,39,162,0,Jeremy Affeldt,5,25,8000000,23,226,23,RP,0.4691358024691358,0,0,UFA,21,441,6000000,5000000,0.043,6000000,0.0,0.0,18000000,6000000,80750000,18000000,6000000,76,0.1,0.010000000000000002,1.31,1.7161000000000002,7,17,289,1,1,15.60727002719233,15.424948470398375,15.60727002719233
ARI,6.7,2013,2015,2,0,161,25921,1250000,1,7,71,5041,68,4624,3.619047619047619,13.097505668934241,0.01728395061728395,0.0002987349489407102,0.06255144032921811,0.003912682687259734,4.53,20.5209,29,29,Arizona Diamondbacks,OAK,Arizona,15213828,135.0,18225.0,22,162,22,Brandon McCarthy,11,121,6500000,1,225,5,SP,0.5,0,0,UFA,76,5776,5250000,4000000,0.059,5250000,34.32,1177.8624,15500000,7750000,54650000,15500000,7750000,81,-0.17,0.028900000000000006,1.35,1.8225000000000002,1,21,441,5,25,15.473738634567807,15.201804919084164,15.473738634567807
LAA,6.3,2013,2016,2,0,180,32400,0,5,8,96,9216,89,7921,3.176470588235294,10.089965397923875,0.028468558988528847,0.0008104588508833466,0.0904295403165034,0.008177501761854113,6.04,36.4816,32,32,Los Angeles Angels,LAD,California,42098500,132.7,17609.289999999997,28,162,20,Joe Blanton,14,196,6500000,1,252,10,RP,0.4814814814814814,0,0,UFA,108,11664,6500000,6500000,0.046,6500000,0.0,0.0,15000000,7500000,153500000,15000000,7500000,78,-1.88,3.5343999999999998,1.61,2.5921000000000003,1,34,1156,2,4,15.687312734865866,15.687312734865866,15.687312734865866
NYY,4.667260138476748,2013,2014,1,1,191,36481,0,2,8,79,6241,74,5476,3.488372093023256,12.16873985938345,0.023734613898548324,0.0005633318969131632,0.08279516476237787,0.0068550393080292985,3.31,10.956100000000001,38,37,New York Yankees,NYY,New York,76800000,201.3,40521.69,32,162,32,Hiroki Kuroda,13,169,15000000,40,0,50,SP,0.5246913580246914,0,0,UFA,150,22500,15000000,15000000,0.063,15000000,52.5,2756.25,15000000,15000000,64000000,15000000,15000000,85,4.0,16.0,1.16,1.3456,27,43,1849,11,121,16.523560759066484,16.523560759066484,16.523560759066484
SEA,6.3,2013,2016,2,1,179,32041,0,1,10,69,4761,65,4225,4.404761904761905,19.401927437641728,0.021241086329843728,0.00045118374847187407,0.09356192788145451,0.008753834348894495,2.66,7.0756000000000006,32,31,Seattle Mariners,SEA,Washington,8050000,219.7,48268.09,33,162,33,Hisashi Iwakuma,6,36,6550000,0,210,4,SP,0.4382716049382716,0,0,UFA,185,34225,6550000,6500000,0.079,6550000,90.46,8183.011599999999,14000000,7000000,28400000,14000000,7000000,71,7.04,49.5616,1.01,1.0201,0,42,1764,14,196,15.694975607611434,15.687312734865866,15.694975607611434
WSH,6.5,2013,2014,1,0,179,32041,0,1,11,92,8464,88,7744,4.870967741935484,23.726326742976067,0.020297256596608394,0.000411978625348563,0.0988672821318667,0.009774739476142128,4.67,21.808899999999998,32,32,Washington Nationals,LAA,Washington DC,64773500,169.7,28798.089999999997,31,162,30,Dan Haren,14,196,13000000,1,215,2,SP,0.5308641975308642,1,1,UFA,151,22801,13000000,13000000,0.112,13000000,11.67,136.1889,13000000,13000000,67000000,13000000,13000000,86,-0.08,0.0064,1.24,1.5376,0,31,961,10,100,16.38045991542581,16.38045991542581,16.38045991542581
PHI,6.5,2013,2016,2,0,23,529,0,2,6,11,121,11,121,2.090909090909091,4.37190082644628,0.04888888888888889,0.0023901234567901236,0.10222222222222223,0.010449382716049383,3.96,15.6816,34,34,Philadelphia Phillies,TEX,Pennsylvania,14405800,25.0,625.0,28,162,0,Mike Adams,4,16,5000000,7,194,14,RP,0.4506172839506173,0,0,UFA,23,529,5000000,5000000,0.031,5000000,0.0,0.0,12000000,6000000,16350000,12000000,6000000,73,0.28,0.07840000000000001,1.36,1.8496000000000004,2,11,121,1,1,15.424948470398375,15.424948470398375,15.424948470398375
MIN,6.3,2013,2015,2,0,218,47524,0,1,7,89,7921,86,7396,2.2444444444444445,5.037530864197531,0.02698327037236913,0.0007280968799883736,0.06056245128020627,0.0036678105050673582,4.18,17.472399999999997,32,32,Minnesota Twins,PIT,Minnesota,0,185.3,34336.090000000004,32,162,31,Kevin Correia,13,169,0,6,200,14,SP,0.4074074074074074,0,0,UFA,101,10201,4500000,4500000,0.055,4500000,40.26,1620.8675999999998,10000000,5000000,15515000,10000000,5000000,66,2.31,5.3361,1.42,2.0164,3,45,2025,9,81,15.319587954740548,15.319587954740548,15.319587954740548
CHC,6.2,2013,2015,2,0,117,13689,0,2,10,58,3364,58,3364,2.575,6.630625000000001,0.0345333678667012,0.001192553496216911,0.08892342225675559,0.007907375025853255,4.06,16.483599999999996,29,29,Chicago Cubs,TOR,Illinois,11214000,128.7,16563.69,47,162,15,Carlos Villanueva,8,64,5000000,17,215,16,RP,0.4074074074074074,0,0,UFA,103,10609,5000000,5000000,0.05,5000000,0.0,0.0,10000000,5000000,73850000,10000000,5000000,66,1.47,2.1609,1.22,1.4884,2,40,1600,7,49,15.424948470398375,15.424948470398375,15.424948470398375
TEX,6.3,2013,2016,2,1,18,324,0,2,12,10,100,10,100,2.0,4.0,0.06563525550867323,0.00430798676568882,0.13127051101734646,0.01723194706275528,3.8,14.44,29,28,Texas Rangers,KC,Texas,17556500,23.7,561.6899999999999,26,162,0,Joakim Soria,0,0,2000000,2,205,6,RP/CL,0.5617283950617284,0,0,UFA,28,784,2000000,2000000,0.015,2000000,0.0,0.0,8000000,4000000,33750000,8000000,4000000,91,0.18,0.0324,1.35,1.8225000000000002,0,14,196,1,1,14.508657738524219,14.508657738524219,14.508657738524219
LAA,6.1,2013,2015,2,0,9,81,125000,5,8,1,1,1,1,1.75,3.0625,0.04581901489117984,0.0020993821255981602,0.08018327605956473,0.006429357759644366,0.93,0.8649000000000001,30,30,Los Angeles Angels,WSH,California,11561500,9.7,94.08999999999999,13,162,0,Sean Burnett,0,0,3750000,1,180,10,RP,0.4814814814814814,0,0,UFA,7,49,3625000,3500000,0.026,3625000,0.0,0.0,8000000,4000000,153500000,8000000,4000000,78,0.6,0.36,1.35,1.8225000000000002,1,4,16,0,0,15.103364846270912,15.068273526459642,15.103364846270912
STL,6.1,2013,2016,3,0,26,676,0,2,6,9,81,9,81,2.5454545454545454,6.479338842975206,0.03462385898646522,0.0011988116111146285,0.0881334592382751,0.0077675066373047,2.29,5.2441,37,37,St. Louis Cardinals,LAD,Missouri,7449100,35.3,1246.0899999999997,64,162,0,Randy Choate,1,1,1500000,23,205,27,RP,0.5987654320987654,0,0,UFA,28,784,1500000,1500000,0.013,1500000,60.23,3627.6528999999996,7500000,2500000,13650000,7500000,2500000,97,1.21,1.4641,1.05,1.1025,11,11,121,2,4,14.22097566607244,14.22097566607244,14.22097566607244
PIT,6.5,2013,2015,2,0,40,1600,250000,2,8,15,225,15,225,5.6923076923076925,32.40236686390533,0.028888888888888888,0.0008345679012345678,0.16444444444444445,0.027041975308641976,2.7,7.290000000000001,36,36,Pittsburgh Pirates,PIT,Pennsylvania,7690000,50.0,2500.0,54,162,0,Jason Grilli,2,4,2750000,9,235,15,RP,0.5802469135802469,33,1089,UFA,74,5476,2500000,2250000,0.035,2500000,70.17,4923.8289,6750000,3375000,28875000,6750000,3375000,94,0.88,0.7744,1.06,1.1236000000000002,5,13,169,0,0,14.73180128983843,14.626440774180603,14.73180128983843
SEA,6.3,2013,2014,1,0,232,53824,0,1,10,117,13689,107,11449,1.7540983606557377,3.076861058855146,0.037037037037037035,0.0013717421124828531,0.0649666059502125,0.004220659888690186,5.26,27.667599999999997,31,31,Seattle Mariners,BAL,Washington,0,183.0,33489.0,33,162,32,Joe Saunders,16,256,0,0,215,4,SP,0.4382716049382716,0,0,UFA,107,11449,6500000,6500000,0.079,6500000,12.78,163.3284,6500000,6500000,28400000,6500000,6500000,71,-0.37,0.1369,1.6,2.5600000000000005,0,61,3721,11,121,15.687312734865866,15.687312734865866,15.687312734865866
BAL,6.6,2013,2014,1,1,159,25281,0,1,4,87,7569,78,6084,2.357142857142857,5.556122448979592,0.034244481134959946,0.0011726844882026276,0.08071913410383416,0.006515578610472763,3.86,14.8996,30,29,Baltimore Orioles,TEX,Maryland,21484313,181.7,33014.89,31,162,30,Scott Feldman,12,144,2983606,7,225,12,SP,0.5246913580246914,0,0,UFA,132,17424,2983606,6000000,0.03,6000000,42.8,1831.8399999999997,6000000,6000000,2000000,6000000,6000000,85,0.6,0.36,1.18,1.3923999999999999,3,56,3136,12,144,14.908643194054553,15.60727002719233,15.60727002719233
MIL,6.2,2013,2015,2,0,77,5929,150000,1,7,41,1681,37,1369,2.6774193548387095,7.168574401664931,0.0403803569102514,0.001630573224199288,0.10811514914680215,0.011688885475035273,3.9,15.209999999999999,30,30,Milwaukee Brewers,WSH,Wisconsin,11140000,85.3,7276.089999999999,43,162,10,Tom Gorzelanny,6,36,2900000,1,210,4,RP,0.4567901234567901,0,0,UFA,83,6889,2750000,2600000,0.031,2750000,0.0,0.0,5700000,2850000,43300000,5700000,2850000,74,0.3,0.09,1.27,1.6129,0,31,961,3,9,14.827111469642754,14.77102200299171,14.827111469642754
CHC,6.4,2013,2014,1,0,9,81,0,2,10,6,36,6,36,1.5,2.25,0.02962962962962963,0.0008779149519890262,0.044444444444444446,0.0019753086419753087,3.6,12.96,31,31,Chicago Cubs,MIN,Illinois,22798500,15.0,225.0,3,162,3,Scott Baker,0,0,5500000,17,215,16,SP,0.4074074074074074,0,0,UFA,6,36,5500000,5500000,0.055,5500000,0.0,0.0,5500000,5500000,73850000,5500000,5500000,66,0.23,0.0529,0.87,0.7569,2,4,16,0,0,15.520258650202699,15.520258650202699,15.520258650202699
BOS,6.2,2013,2015,1,1,33,1089,0,1,10,10,100,9,81,11.222222222222221,125.93827160493825,0.013458950201884255,0.0001811433405368002,0.15103933004336775,0.022812879219949372,1.09,1.1881000000000002,38,37,Boston Red Sox,TEX,Massachusetts,22400000,74.3,5520.49,73,162,0,Koji Uehara,1,1,4750000,13,195,21,RP,0.5987654320987654,21,441,UFA,101,10201,4750000,4250000,0.028,4750000,96.47,9306.4609,4250000,4250000,130700000,4250000,4250000,97,3.52,12.3904,0.56,0.31360000000000005,8,9,81,4,16,15.373655176010823,15.2624295409006,15.373655176010823
MIN,6.7,2013,2014,1,1,184,33856,0,1,7,92,8464,88,7744,1.9056603773584906,3.6315414738341047,0.03856508768100124,0.0014872659878433136,0.0734919595430401,0.005401068117475842,5.19,26.936100000000003,29,28,Minnesota Twins,NYM,Minnesota,19362500,152.7,23317.289999999997,29,162,29,Mike Pelfrey,13,169,4000000,6,240,14,RP,0.4074074074074074,0,0,UFA,101,10201,4000000,4000000,0.049,4000000,0.0,0.0,4000000,4000000,15515000,4000000,4000000,66,0.17,0.028900000000000006,1.55,2.4025000000000003,3,53,2809,5,25,15.201804919084164,15.201804919084164,15.201804919084164
TB,6.4,2013,2014,1,0,164,26896,0,2,10,87,7569,82,6724,2.973684210526316,8.842797783933518,0.027961736571008096,0.0007818587120664516,0.08314937454010302,0.006913818486410332,4.89,23.912099999999995,32,32,Tampa Bay Rays,CLE,Florida,21325000,151.0,22801.0,32,162,24,Roberto Hernandez,13,169,3250000,1,230,4,RP,0.5617283950617284,1,1,UFA,113,12769,3250000,3250000,0.045,3250000,0.0,0.0,3250000,3250000,19090000,3250000,3250000,91,,,1.34,1.7956000000000003,0,38,1444,6,36,14.994165554305921,14.994165554305921,14.994165554305921
SD,6.1,2013,2014,1,0,111,12321,0,5,3,61,3721,53,2809,1.0588235294117647,1.1211072664359862,0.0641933352213726,0.0041207842868435166,0.06796941376380629,0.0046198412073955,4.05,16.4025,34,34,San Diego Padres,SD,California,42000000,117.7,13853.29,21,162,20,Jason Marquis,5,25,3000000,2,210,5,SP,0.4691358024691358,0,0,UFA,72,5184,3000000,3000000,0.041,3000000,11.89,141.37210000000002,3000000,3000000,3550000,3000000,3000000,76,-0.15,0.0225,1.52,2.3104,0,68,4624,9,81,14.914122846632385,14.914122846632385,14.914122846632385
LAD,6.0,2013,2014,1,1,42,1764,0,5,7,14,196,14,196,2.347826086956522,5.512287334593574,0.04121863799283154,0.0016989761179840958,0.0967741935483871,0.009365244536940686,2.03,4.120899999999999,30,29,Los Angeles Dodgers,TB,California,9641100,62.0,3844.0,67,162,0,J.P. Howell,1,1,2850000,25,180,27,RP,0.5679012345679012,0,0,UFA,54,2916,2850000,2850000,0.012,2850000,64.65,4179.6225,2850000,2850000,150850000,2850000,2850000,92,1.67,2.7889,1.05,1.1025,6,23,529,4,16,14.862829552244833,14.862829552244833,14.862829552244833
CHW,6.3,2013,2015,1,1,64,4096,0,2,5,23,529,21,441,2.0,4.0,0.04210140948196961,0.0017725286803684805,0.08420281896393922,0.007090114721473922,3.12,9.7344,33,32,Chicago White Sox,ARI,Illinois,10532234,60.7,3684.4900000000002,76,162,0,Matt Lindstrom,4,16,2300000,6,215,9,RP,0.3888888888888889,0,0,UFA,46,2116,2300000,2300000,0.021,2300000,48.6,2361.96,2800000,2800000,14800000,2800000,2800000,63,1.36,1.8496000000000004,1.43,2.0448999999999997,3,23,529,2,4,14.648419680899378,14.648419680899378,14.648419680899378
PHI,6.4,2013,0,1,0,86,7396,0,2,6,48,2304,44,1936,1.4074074074074074,1.9807956104252402,0.04037685060565276,0.001630290064831202,0.056826678630177964,0.003229271404137525,5.33,28.4089,28,28,Philadelphia Phillies,WSH,Pennsylvania,0,74.3,5520.49,14,162,14,John Lannan,6,36,0,7,235,14,RP,0.4506172839506173,0,0,UFA,38,1444,2500000,2500000,0.015,2500000,0.0,0.0,2500000,2500000,16350000,2500000,2500000,73,-0.39,0.1521,1.52,2.3104,2,27,729,3,9,14.73180128983843,14.73180128983843,14.73180128983843
DET,6.6,2013,2014,1,0,44,1936,0,1,4,23,529,21,441,2.727272727272727,7.438016528925619,0.03898635477582846,0.0015199358587067624,0.10632642211589578,0.011305308039967652,3.02,9.1204,32,32,Detroit Tigers,MIL,Michigan,7415439,62.7,3931.2900000000004,67,162,0,Jose Veras,5,25,1850000,11,242,15,RP,0.5740740740740741,21,441,UFA,60,3600,646994,1850000,0.004,1850000,38.59,1489.1881000000003,1850000,2000000,107775000,2000000,1850000,93,0.29,0.0841,1.05,1.1025,4,22,484,0,0,13.380092299869712,14.430696197054507,14.430696197054507
COL,6.5,2013,2014,1,1,89,7921,0,1,7,54,2916,49,2401,2.625,6.890625,0.03793266951161688,0.001438887416277549,0.09957325746799432,0.009914833602787486,6.27,39.31289999999999,32,31,Colorado Rockies,COL,Colorado,19559885,70.3,4942.089999999999,23,162,12,Jeff Francis,5,25,1500000,1,200,3,SP,0.4567901234567901,0,0,UFA,63,3969,1500000,1500000,0.019,1500000,4.78,22.8484,1500000,1500000,5800000,1500000,1500000,74,-0.65,0.42250000000000004,1.61,2.5921000000000003,0,24,576,3,9,14.22097566607244,14.22097566607244,14.22097566607244
LAA,6.4,2013,2014,1,1,11,121,0,5,8,12,144,12,144,0.6363636363636364,0.4049586776859504,0.10446343779677113,0.010912609836319871,0.06647673314339982,0.004419156049418792,9.26,85.74759999999999,30,29,Los Angeles Angels,LAD,California,660000,11.7,136.89,11,162,0,Mark Lowe,0,0,490000,1,210,10,RP,0.4814814814814814,0,0,UFA,7,49,160655,490000,0.001,490000,0.0,0.0,1500000,490000,153500000,490000,1500000,78,-0.6,0.36,1.89,3.5721,1,11,121,1,1,11.987014487620211,13.102160670086809,13.102160670086809
PIT,4.667260138476748,2013,2014,1,1,43,1849,0,2,8,20,400,20,400,2.8,7.839999999999999,0.02901073397156948,0.0008416226855691755,0.08123005512039455,0.006598321854862337,4.7,22.090000000000003,37,36,Pittsburgh Pirates,TB,Pennsylvania,80327,38.3,1466.8899999999999,48,162,0,Kyle Farnsworth,1,1,80327,9,0,15,RP,0.5802469135802469,2,4,UFA,28,784,80327,490000,0.001,490000,0.0,0.0,1250000,0,28875000,0,1250000,94,0.33,0.10890000000000001,1.38,1.9043999999999996,5,10,100,3,9,11.293861082522517,13.102160670086809,13.102160670086809
HOU,4.667260138476748,2013,2014,1,1,149,22201,0,2,5,83,6889,77,5929,1.84,3.3856,0.05518763796909492,0.003045675384607887,0.10154525386313466,0.010311438582128464,4.59,21.068099999999998,34,33,Houston Astros,PIT,Texas,28410000,151.0,22801.0,32,162,26,Erik Bedard,12,144,1150000,1,0,9,SP,0.3148148148148148,1,1,UFA,138,19044,1150000,1150000,0.032,1150000,16.69,278.5561,1150000,1150000,5900000,1150000,1150000,51,1.0,1.0,1.48,2.1904,0,75,5625,4,16,13.955272500339433,13.955272500339433,13.955272500339433
MIA,6.4,2013,2014,1,0,57,3249,0,2,12,18,324,18,324,2.5789473684210527,6.650969529085873,0.034050179211469536,0.0011594147043331921,0.08781362007168458,0.007711231870094166,2.61,6.812099999999999,34,34,Miami Marlins,PIT,Florida,14430498,62.0,3844.0,66,162,0,Chad Qualls,2,4,1150000,2,245,2,RP,0.382716049382716,0,0,UFA,49,2401,1150000,1150000,0.032,1150000,72.93,5318.784900000001,1150000,1150000,7675000,1150000,1150000,62,1.72,2.9583999999999997,1.23,1.5129,2,19,361,5,25,13.955272500339433,13.955272500339433,13.955272500339433
LAD,4.667260138476748,2013,2014,1,1,8,64,0,5,7,1,1,1,1,3.25,10.5625,0.032441200324412,0.0010524314784886293,0.10543390105433902,0.01111630749153615,0.66,0.43560000000000004,31,30,Los Angeles Dodgers,SF,California,22042000,13.7,187.68999999999997,18,162,0,Brian Wilson,1,1,1000000,25,0,27,RP,0.5679012345679012,0,0,UFA,13,169,1000000,1000000,0.004,1000000,0.0,0.0,1000000,1000000,150850000,1000000,1000000,92,0.64,0.4096,0.88,0.7744,6,4,16,2,4,13.815510557964274,13.815510557964274,13.815510557964274
CIN,6.3,2013,2014,1,0,40,1600,0,2,12,18,324,17,289,3.7333333333333334,13.937777777777779,0.036231884057971016,0.0013127494223902543,0.13526570048309178,0.018296809727181496,3.33,11.0889,30,30,Cincinnati Reds,MIL,Ohio,6586000,46.0,2116.0,57,162,0,Manny Parra,3,9,1000000,10,215,15,RP,0.5555555555555556,0,0,UFA,56,3136,1000000,1000000,0.009,1000000,30.37,922.3369,1000000,1000000,41800000,1000000,1000000,90,0.5,0.25,1.2,1.44,5,15,225,2,4,13.815510557964274,13.815510557964274,13.815510557964274
NYM,6.5,2013,2014,1,0,71,5041,0,2,10,27,729,23,529,5.5,30.25,0.015715857300015713,0.00024698817067445717,0.08643721515008643,0.007471392162902331,2.93,8.584900000000001,40,40,New York Mets,LAA,New York,39750000,70.7,4998.490000000001,72,162,0,LaTroy Hawkins,2,4,1000000,5,195,8,RP/CL,0.4567901234567901,13,169,UFA,55,3025,1000000,1000000,0.01,1000000,68.52,4694.9904,1000000,1000000,7150000,1000000,1000000,74,0.63,0.39690000000000003,1.15,1.3224999999999998,2,10,100,3,9,13.815510557964274,13.815510557964274,13.815510557964274
TB,6.6,2013,2014,1,0,61,3721,0,2,10,25,625,24,576,2.8260869565217392,7.986767485822307,0.03650793650793651,0.0013328294280675235,0.10317460317460317,0.010644998740236835,3.09,9.5481,38,38,Tampa Bay Rays,LAD,Florida,14945000,70.0,4900.0,66,162,1,Jamey Wright,2,4,900000,1,240,4,RP,0.5617283950617284,0,0,UFA,65,4225,900000,900000,0.012,900000,57.21,3272.9841,900000,900000,19090000,900000,900000,91,0.91,0.8281000000000001,1.2,1.44,0,23,529,2,4,13.710150042306449,13.710150042306449,13.710150042306449
MIA,4.667260138476748,2013,0,1,1,106,11236,0,2,12,44,1936,42,1764,4.222222222222222,17.82716049382716,0.021739130434782608,0.00047258979206049145,0.09178743961352658,0.008424934070806788,4.11,16.892100000000003,29,28,Miami Marlins,CLE,Florida,2750000,92.0,8464.0,20,162,14,Kevin Slowey,6,36,0,2,0,2,RP,0.382716049382716,0,0,UFA,76,5776,750000,750000,0.021,750000,0.0,0.0,750000,750000,7675000,750000,750000,62,,,1.35,1.8225000000000002,2,18,324,3,9,13.527828485512494,13.527828485512494,13.527828485512494
NYM,6.2,2013,2014,1,1,45,2025,0,2,10,27,729,22,484,2.3333333333333335,5.4444444444444455,0.029433406916850625,0.0008663254427329103,0.06867794947265146,0.004716660743768067,4.37,19.0969,37,36,New York Mets,BOS,New York,2094000,45.3,2052.0899999999997,51,162,0,Scott Atchison,3,9,700000,5,200,8,RP,0.4567901234567901,0,0,UFA,28,784,700000,700000,0.007,700000,23.96,574.0816000000001,700000,700000,7150000,700000,700000,74,-0.68,0.4624000000000001,1.26,1.5876000000000001,2,12,144,3,9,13.458835614025542,13.458835614025542,13.458835614025542
CIN,6.2,2013,0,1,1,39,1521,0,2,12,23,529,21,441,1.8,3.24,0.03549875754348598,0.0012601617871312025,0.06389776357827476,0.004082924190305096,6.03,36.3609,30,29,Cincinnati Reds,WSH,Ohio,12845218,31.3,979.69,26,162,1,Zach Duke,2,4,83005,10,210,15,RP,0.5555555555555556,0,0,UFA,18,324,83005,490000,0.001,490000,0.0,0.0,0,490000,41800000,490000,0,90,0.56,0.31360000000000005,1.56,2.4336,5,10,100,1,1,11.326656125928176,13.102160670086809,13.102160670086809
BAL,6.0,2013,2014,1,1,42,1764,0,1,4,14,196,14,196,3.857142857142857,14.877551020408164,0.033309540804187486,0.001109525508585831,0.1284796573875803,0.016507022362430016,2.7,7.290000000000001,31,30,Baltimore Orioles,MIL,Maryland,70569166,46.7,2180.8900000000003,48,162,0,Francisco Rodriguez,2,4,1256831,7,180,12,RP,0.5246913580246914,10,100,UFA,54,2916,1256831,2000000,0.013,2000000,0.0,0.0,0,2000000,2000000,2000000,0,85,0.01,0.0001,1.2,1.44,3,14,196,3,9,14.044104031437303,14.508657738524219,14.508657738524219
WSH,6.4,2013,0,1,0,56,3136,0,1,11,22,484,22,484,3.2142857142857144,10.331632653061225,0.025796941219826796,0.0006654821762991988,0.08291873963515756,0.006875517382683049,3.28,10.758399999999998,30,30,Washington Nationals,SD,Washington DC,3846138,60.3,3636.0899999999997,16,162,7,Ross Ohlendorf,1,1,297213,1,240,2,RP,0.5308641975308642,0,0,UFA,45,2025,297213,490000,0.003,490000,0.0,0.0,0,490000,67000000,490000,0,86,1.03,1.0609,1.16,1.3456,0,14,196,4,16,12.602204332457262,13.102160670086809,13.102160670086809
LAD,6.2,2013,2014,1,0,23,529,0,5,7,11,121,11,121,0.8571428571428571,0.7346938775510203,0.05083514887436456,0.002584212361078808,0.04357298474945533,0.001898604999976267,6.46,41.7316,34,34,Los Angeles Dodgers,ATL,California,4329344,15.3,234.09000000000003,14,162,0,Peter Moylan,0,0,329344,25,220,27,RP,0.5679012345679012,0,0,UFA,6,36,329344,490000,0.001,490000,0.0,0.0,0,490000,150850000,490000,0,92,-0.37,0.1369,1.96,3.8415999999999997,6,7,49,1,1,12.704858076201361,13.102160670086809,13.102160670086809
WSH,6.1,2013,2014,1,0,42,1764,0,1,11,14,196,14,196,3.2,10.240000000000002,0.029472443265546714,0.0008686249120408698,0.09431181844974948,0.008894719099298506,3.35,11.2225,27,27,Washington Nationals,HOU,Washington DC,1659120,37.7,1421.2900000000002,39,162,0,Fernando Abad,3,9,356120,1,220,2,RP,0.5308641975308642,0,0,UFA,32,1024,356120,490000,0.003,490000,0.0,0.0,0,490000,67000000,490000,0,86,0.42,0.17639999999999997,1.38,1.9043999999999996,0,10,100,0,0,12.783023031687607,13.102160670086809,13.102160670086809
